source,source_listing_id,brand,model_family,year,serial_number,condition_grade,refinished,headstock_repaired,neck_reset,refret,top_crack,side_crack,binding_shrinkage,replaced_tuners,replaced_bridge,replaced_pickup,replaced_pickguard,has_original_case,has_original_receipt,has_pre_war_certification,prior_famous_owner,is_sold,sold_date,price_usd,description
vg_guide,GIB-J-45-1944-000,Gibson,J-45,1944,,4,0,0,0,0,1,0,1,1,0,0,0,1,0,0,0,True,2023-03-12,15800.0,"Banner-era J-45, scalloped X-bracing, mahogany back/sides, Adirondack top"
vg_guide,GIB-J-45-1944-001,Gibson,J-45,1944,,4,0,0,0,0,0,0,1,0,0,0,0,0,0,0,0,True,2022-11-10,28020.0,"Banner-era J-45, scalloped X-bracing, mahogany back/sides, Adirondack top"
vg_guide,GIB-J-45-1943-002,Gibson,J-45,1943,,4,1,0,0,0,0,0,0,0,0,0,0,0,0,0,0,True,2022-10-10,12540.0,"Banner-era J-45, scalloped X-bracing, mahogany back/sides, Adirondack top"
vg_guide,GIB-J-45-1943-003,Gibson,J-45,1943,,6,1,0,0,0,0,0,1,0,0,0,0,0,0,0,0,True,2022-05-16,13450.0,"Banner-era J-45, scalloped X-bracing, mahogany back/sides, Adirondack top"
vg_guide,GIB-J-45-1944-004,Gibson,J-45,1944,,5,0,0,0,0,0,0,0,0,0,0,0,1,0,0,0,True,2023-03-10,28660.0,"Banner-era J-45, scalloped X-bracing, mahogany back/sides, Adirondack top"
vg_guide,GIB-J-45-1942-005,Gibson,J-45,1942,,4,0,0,0,0,0,0,1,0,0,0,0,0,0,0,0,True,2021-11-05,29510.0,"Banner-era J-45, scalloped X-bracing, mahogany back/sides, Adirondack top"
vg_guide,GIB-J-45-1944-006,Gibson,J-45,1944,,6,0,0,0,0,0,0,1,0,0,0,0,0,0,0,0,True,2023-10-21,25550.0,"Banner-era J-45, scalloped X-bracing, mahogany back/sides, Adirondack top"
vg_guide,GIB-J-45-1944-007,Gibson,J-45,1944,,5,0,0,0,0,0,0,0,0,0,0,0,0,0,0,0,True,2022-12-03,26350.0,"Banner-era J-45, scalloped X-bracing, mahogany back/sides, Adirondack top"
vg_guide,GIB-J-45-1943-008,Gibson,J-45,1943,,5,1,0,0,0,0,0,0,0,0,0,0,0,0,0,0,True,2021-07-28,13140.0,"Banner-era J-45, scalloped X-bracing, mahogany back/sides, Adirondack top"
vg_guide,GIB-J-45-1942-009,Gibson,J-45,1942,,6,0,0,0,1,0,0,1,0,0,0,0,0,0,0,0,True,2023-01-28,29150.0,"Banner-era J-45, scalloped X-bracing, mahogany back/sides, Adirondack top"
vg_guide,GIB-J-45-1942-010,Gibson,J-45,1942,,4,0,0,1,0,0,0,0,0,0,0,0,0,0,0,0,True,2022-01-17,28250.0,"Banner-era J-45, scalloped X-bracing, mahogany back/sides, Adirondack top"
vg_guide,GIB-J-45-1944-011,Gibson,J-45,1944,,6,0,0,0,0,0,0,0,0,0,0,0,0,1,0,0,True,2023-02-16,20820.0,"Banner-era J-45, scalloped X-bracing, mahogany back/sides, Adirondack top"
vg_guide,GIB-J-45-1944-012,Gibson,J-45,1944,,6,1,0,0,0,0,0,1,0,0,0,0,1,0,0,0,True,2021-10-07,12600.0,"Banner-era J-45, scalloped X-bracing, mahogany back/sides, Adirondack top"
vg_guide,GIB-J-45-1943-013,Gibson,J-45,1943,,4,0,0,0,1,1,0,0,0,0,0,0,1,0,0,0,True,2022-07-08,16290.0,"Banner-era J-45, scalloped X-bracing, mahogany back/sides, Adirondack top"
vg_guide,GIB-J-45-1942-014,Gibson,J-45,1942,,4,1,0,0,1,0,0,0,0,0,0,0,1,0,0,0,True,2024-05-02,15880.0,"Banner-era J-45, scalloped X-bracing, mahogany back/sides, Adirondack top"
vg_guide,GIB-J-45-1942-015,Gibson,J-45,1942,,4,0,0,1,1,0,0,0,0,0,0,0,0,0,0,0,True,2022-10-26,22030.0,"Banner-era J-45, scalloped X-bracing, mahogany back/sides, Adirondack top"
vg_guide,GIB-J-45-1944-016,Gibson,J-45,1944,,6,0,0,0,0,0,0,0,0,0,0,0,1,0,0,0,True,2021-08-07,28900.0,"Banner-era J-45, scalloped X-bracing, mahogany back/sides, Adirondack top"
vg_guide,GIB-J-45-1942-017,Gibson,J-45,1942,,6,0,0,0,1,0,0,0,0,0,0,0,0,0,0,0,True,2023-12-17,17780.0,"Banner-era J-45, scalloped X-bracing, mahogany back/sides, Adirondack top"
vg_guide,GIB-J-45-1949-000,Gibson,J-45,1949,,5,0,0,0,0,0,0,1,0,0,0,0,0,0,0,0,True,2024-01-05,15540.0,"Post-war 40s J-45, transitional to Sitka"
vg_guide,GIB-J-45-1949-001,Gibson,J-45,1949,,4,0,0,0,0,0,0,0,0,0,0,0,1,0,0,0,True,2022-09-21,9800.0,"Post-war 40s J-45, transitional to Sitka"
vg_guide,GIB-J-45-1949-002,Gibson,J-45,1949,,4,0,0,0,0,0,0,0,0,0,0,0,0,0,0,0,True,2022-11-02,13680.0,"Post-war 40s J-45, transitional to Sitka"
vg_guide,GIB-J-45-1946-003,Gibson,J-45,1946,,6,0,0,0,1,1,0,0,0,0,0,0,1,0,0,0,True,2023-09-08,11330.0,"Post-war 40s J-45, transitional to Sitka"
vg_guide,GIB-J-45-1948-004,Gibson,J-45,1948,,6,0,0,0,1,0,0,1,1,0,0,0,1,0,0,0,True,2022-01-03,12690.0,"Post-war 40s J-45, transitional to Sitka"
vg_guide,GIB-J-45-1945-005,Gibson,J-45,1945,,5,0,0,0,0,0,0,0,0,0,0,0,1,0,0,0,True,2023-07-05,10780.0,"Post-war 40s J-45, transitional to Sitka"
vg_guide,GIB-J-45-1948-006,Gibson,J-45,1948,,4,0,0,0,0,0,0,0,0,0,0,0,0,0,0,0,True,2022-04-10,10260.0,"Post-war 40s J-45, transitional to Sitka"
vg_guide,GIB-J-45-1946-007,Gibson,J-45,1946,,4,0,0,0,1,0,0,0,0,0,0,0,1,0,0,0,True,2022-11-08,14100.0,"Post-war 40s J-45, transitional to Sitka"
vg_guide,GIB-J-45-1949-008,Gibson,J-45,1949,,5,1,0,0,0,0,0,0,1,0,0,0,0,0,0,0,True,2022-08-29,10360.0,"Post-war 40s J-45, transitional to Sitka"
vg_guide,GIB-J-45-1945-009,Gibson,J-45,1945,,5,0,0,0,0,0,0,0,0,0,0,0,1,1,0,0,True,2023-04-25,15760.0,"Post-war 40s J-45, transitional to Sitka"
vg_guide,GIB-J-45-1947-010,Gibson,J-45,1947,,6,0,0,0,0,0,0,0,0,0,0,0,0,0,0,0,True,2022-01-22,11200.0,"Post-war 40s J-45, transitional to Sitka"
vg_guide,GIB-J-45-1946-011,Gibson,J-45,1946,,6,0,0,0,0,0,0,0,0,0,0,0,0,0,0,0,True,2023-03-22,12980.0,"Post-war 40s J-45, transitional to Sitka"
vg_guide,GIB-J-45-1946-012,Gibson,J-45,1946,,6,0,0,0,0,0,0,1,0,0,0,0,0,0,0,0,True,2024-04-12,9590.0,"Post-war 40s J-45, transitional to Sitka"
vg_guide,GIB-J-45-1949-013,Gibson,J-45,1949,,4,0,0,0,0,0,0,0,0,0,0,0,0,0,0,0,True,2023-10-27,12190.0,"Post-war 40s J-45, transitional to Sitka"
vg_guide,GIB-J-45-1949-014,Gibson,J-45,1949,,5,0,0,0,0,0,0,0,0,0,0,0,0,0,0,0,True,2021-12-08,9350.0,"Post-war 40s J-45, transitional to Sitka"
vg_guide,GIB-J-45-1949-015,Gibson,J-45,1949,,5,0,0,0,0,0,0,0,0,0,0,0,0,0,0,0,True,2021-06-30,14810.0,"Post-war 40s J-45, transitional to Sitka"
vg_guide,GIB-J-45-1948-016,Gibson,J-45,1948,,4,0,0,1,1,0,0,0,0,0,0,0,1,0,0,0,True,2022-02-03,13410.0,"Post-war 40s J-45, transitional to Sitka"
vg_guide,GIB-J-45-1948-017,Gibson,J-45,1948,,4,0,0,0,0,1,0,0,0,0,0,0,0,0,0,0,True,2022-06-12,9190.0,"Post-war 40s J-45, transitional to Sitka"
vg_guide,GIB-J-45-1948-018,Gibson,J-45,1948,,6,0,0,0,0,0,0,0,1,0,0,0,0,0,0,0,True,2022-02-24,13520.0,"Post-war 40s J-45, transitional to Sitka"
vg_guide,GIB-J-45-1946-019,Gibson,J-45,1946,,6,0,0,1,0,0,0,1,0,0,0,0,0,0,0,0,True,2022-08-01,12740.0,"Post-war 40s J-45, transitional to Sitka"
vg_guide,GIB-J-45-1948-020,Gibson,J-45,1948,,5,0,0,1,0,0,0,0,0,0,0,0,1,0,0,0,True,2024-03-11,14690.0,"Post-war 40s J-45, transitional to Sitka"
vg_guide,GIB-J-45-1946-021,Gibson,J-45,1946,,4,0,0,0,0,0,0,0,0,0,0,0,1,0,0,0,True,2023-10-11,13750.0,"Post-war 40s J-45, transitional to Sitka"
vg_guide,GIB-J-45-1952-000,Gibson,J-45,1952,,4,0,0,0,0,0,0,1,0,0,0,0,0,0,0,0,True,2023-01-21,10680.0,"Early-50s J-45, light scalloped bracing"
vg_guide,GIB-J-45-1955-001,Gibson,J-45,1955,,6,0,1,0,0,1,0,0,1,0,0,0,0,0,0,0,True,2022-01-23,5490.0,"Early-50s J-45, light scalloped bracing"
vg_guide,GIB-J-45-1952-002,Gibson,J-45,1952,,6,0,0,0,0,0,0,0,0,0,0,0,1,0,0,0,True,2021-10-23,12780.0,"Early-50s J-45, light scalloped bracing"
vg_guide,GIB-J-45-1952-003,Gibson,J-45,1952,,5,0,0,0,0,1,0,1,0,0,0,0,1,0,0,0,True,2022-08-06,11040.0,"Early-50s J-45, light scalloped bracing"
vg_guide,GIB-J-45-1952-004,Gibson,J-45,1952,,5,0,0,0,0,0,0,0,0,0,0,0,0,0,0,0,True,2023-01-26,9040.0,"Early-50s J-45, light scalloped bracing"
vg_guide,GIB-J-45-1953-005,Gibson,J-45,1953,,5,1,0,0,0,0,0,0,0,0,0,0,1,0,0,0,True,2022-07-25,8550.0,"Early-50s J-45, light scalloped bracing"
vg_guide,GIB-J-45-1952-006,Gibson,J-45,1952,,5,0,0,0,0,0,0,0,0,0,0,0,1,0,0,0,True,2021-06-23,9030.0,"Early-50s J-45, light scalloped bracing"
vg_guide,GIB-J-45-1951-007,Gibson,J-45,1951,,5,1,0,0,0,0,0,1,0,0,0,0,1,1,0,0,True,2021-08-31,6310.0,"Early-50s J-45, light scalloped bracing"
vg_guide,GIB-J-45-1952-008,Gibson,J-45,1952,,5,0,0,0,1,0,0,1,1,0,0,0,0,0,0,0,True,2024-02-13,8950.0,"Early-50s J-45, light scalloped bracing"
vg_guide,GIB-J-45-1952-009,Gibson,J-45,1952,,4,1,0,0,0,0,0,0,0,0,0,0,0,0,0,0,True,2022-01-05,9080.0,"Early-50s J-45, light scalloped bracing"
vg_guide,GIB-J-45-1954-010,Gibson,J-45,1954,,6,0,0,1,0,0,0,0,0,0,0,0,0,0,0,0,True,2021-10-13,8050.0,"Early-50s J-45, light scalloped bracing"
vg_guide,GIB-J-45-1955-011,Gibson,J-45,1955,,5,0,0,0,0,0,0,0,0,0,0,0,0,0,0,0,True,2023-02-27,11370.0,"Early-50s J-45, light scalloped bracing"
vg_guide,GIB-J-45-1951-012,Gibson,J-45,1951,,4,0,0,0,0,0,0,0,0,0,0,0,0,0,0,0,True,2022-11-22,7830.0,"Early-50s J-45, light scalloped bracing"
vg_guide,GIB-J-45-1950-013,Gibson,J-45,1950,,6,0,0,1,0,0,0,0,0,0,0,0,1,0,0,0,True,2022-11-28,7950.0,"Early-50s J-45, light scalloped bracing"
vg_guide,GIB-J-45-1951-014,Gibson,J-45,1951,,5,0,0,0,0,0,0,0,0,0,0,0,1,0,0,0,True,2022-08-14,10660.0,"Early-50s J-45, light scalloped bracing"
vg_guide,GIB-J-45-1952-015,Gibson,J-45,1952,,5,0,0,0,0,0,0,0,0,0,0,0,0,0,0,0,True,2022-02-25,11320.0,"Early-50s J-45, light scalloped bracing"
vg_guide,GIB-J-45-1950-016,Gibson,J-45,1950,,6,0,0,0,0,0,0,0,0,0,0,0,1,0,0,0,True,2023-09-07,12650.0,"Early-50s J-45, light scalloped bracing"
vg_guide,GIB-J-45-1955-017,Gibson,J-45,1955,,5,0,0,1,0,0,0,0,0,0,0,0,0,0,0,0,True,2023-10-13,8170.0,"Early-50s J-45, light scalloped bracing"
vg_guide,GIB-J-45-1951-018,Gibson,J-45,1951,,5,0,0,0,0,0,0,0,0,0,0,0,0,0,0,0,True,2021-07-27,12630.0,"Early-50s J-45, light scalloped bracing"
vg_guide,GIB-J-45-1950-019,Gibson,J-45,1950,,5,0,0,0,1,0,0,0,0,0,0,0,1,0,0,0,True,2021-09-03,11260.0,"Early-50s J-45, light scalloped bracing"
vg_guide,GIB-J-45-1953-020,Gibson,J-45,1953,,5,0,0,0,0,0,0,1,0,0,0,0,1,0,0,0,True,2022-02-11,9610.0,"Early-50s J-45, light scalloped bracing"
vg_guide,GIB-J-45-1955-021,Gibson,J-45,1955,,5,0,0,0,1,0,0,1,0,0,0,0,0,0,0,0,True,2021-12-13,8950.0,"Early-50s J-45, light scalloped bracing"
vg_guide,GIB-J-45-1950-022,Gibson,J-45,1950,,6,0,0,0,0,0,0,0,0,0,0,0,0,0,0,0,True,2022-07-30,8290.0,"Early-50s J-45, light scalloped bracing"
vg_guide,GIB-J-45-1953-023,Gibson,J-45,1953,,5,0,0,0,0,0,0,0,0,0,0,0,1,0,0,0,True,2023-11-29,11280.0,"Early-50s J-45, light scalloped bracing"
vg_guide,GIB-J-45-1955-024,Gibson,J-45,1955,,6,0,0,1,0,0,0,0,0,0,0,0,0,0,0,0,True,2021-06-10,12300.0,"Early-50s J-45, light scalloped bracing"
vg_guide,GIB-J-45-1951-025,Gibson,J-45,1951,,4,0,0,0,0,0,0,0,0,0,0,0,1,0,0,0,True,2024-05-13,8720.0,"Early-50s J-45, light scalloped bracing"
vg_guide,GIB-J-45-1952-026,Gibson,J-45,1952,,6,1,0,0,0,0,0,0,0,0,0,0,0,0,0,0,True,2022-04-06,7350.0,"Early-50s J-45, light scalloped bracing"
vg_guide,GIB-J-45-1953-027,Gibson,J-45,1953,,6,0,1,0,0,0,0,0,1,0,0,0,0,0,0,0,True,2024-02-22,4950.0,"Early-50s J-45, light scalloped bracing"
vg_guide,GIB-J-45-1952-028,Gibson,J-45,1952,,4,0,0,0,0,0,0,0,0,0,0,0,0,0,0,0,True,2024-03-13,10840.0,"Early-50s J-45, light scalloped bracing"
vg_guide,GIB-J-45-1954-029,Gibson,J-45,1954,,5,1,0,1,1,0,0,0,0,0,0,0,1,0,0,0,True,2022-11-21,7730.0,"Early-50s J-45, light scalloped bracing"
vg_guide,GIB-J-45-1959-000,Gibson,J-45,1959,,5,0,0,1,0,0,0,1,0,0,0,0,1,0,0,0,True,2022-05-14,9260.0,"Late-50s J-45, post-1955 bracing change"
vg_guide,GIB-J-45-1958-001,Gibson,J-45,1958,,6,0,0,0,0,0,0,0,0,0,0,0,0,0,0,0,True,2022-07-31,6490.0,"Late-50s J-45, post-1955 bracing change"
vg_guide,GIB-J-45-1956-002,Gibson,J-45,1956,,6,0,0,1,0,0,0,0,0,0,0,0,1,0,0,0,True,2023-08-29,9570.0,"Late-50s J-45, post-1955 bracing change"
vg_guide,GIB-J-45-1960-003,Gibson,J-45,1960,,5,0,0,0,0,0,0,0,0,0,0,0,0,0,0,0,True,2023-03-15,8350.0,"Late-50s J-45, post-1955 bracing change"
vg_guide,GIB-J-45-1958-004,Gibson,J-45,1958,,4,0,0,1,0,0,0,0,0,0,0,0,0,0,0,0,True,2023-11-27,9920.0,"Late-50s J-45, post-1955 bracing change"
vg_guide,GIB-J-45-1960-005,Gibson,J-45,1960,,4,0,0,0,0,0,0,0,0,0,0,0,0,0,0,0,True,2023-02-10,6200.0,"Late-50s J-45, post-1955 bracing change"
vg_guide,GIB-J-45-1960-006,Gibson,J-45,1960,,4,0,0,0,1,0,0,0,0,0,0,0,0,1,0,0,True,2023-01-31,6610.0,"Late-50s J-45, post-1955 bracing change"
vg_guide,GIB-J-45-1958-007,Gibson,J-45,1958,,4,0,0,0,0,0,0,0,0,0,0,0,1,0,0,0,True,2024-03-05,6700.0,"Late-50s J-45, post-1955 bracing change"
vg_guide,GIB-J-45-1960-008,Gibson,J-45,1960,,5,0,0,0,0,1,0,0,0,0,0,0,1,0,0,0,True,2023-12-19,7100.0,"Late-50s J-45, post-1955 bracing change"
vg_guide,GIB-J-45-1957-009,Gibson,J-45,1957,,5,0,0,0,0,0,0,0,0,0,0,0,0,0,0,0,True,2023-10-11,8500.0,"Late-50s J-45, post-1955 bracing change"
vg_guide,GIB-J-45-1960-010,Gibson,J-45,1960,,6,0,0,0,0,0,0,0,0,0,0,0,0,0,0,0,True,2022-12-27,9460.0,"Late-50s J-45, post-1955 bracing change"
vg_guide,GIB-J-45-1959-011,Gibson,J-45,1959,,4,1,0,0,1,0,0,0,1,0,0,0,1,0,0,0,True,2023-09-25,4050.0,"Late-50s J-45, post-1955 bracing change"
vg_guide,GIB-J-45-1959-012,Gibson,J-45,1959,,6,0,0,0,1,0,0,1,0,0,0,0,1,0,0,0,True,2022-05-11,5940.0,"Late-50s J-45, post-1955 bracing change"
vg_guide,GIB-J-45-1957-013,Gibson,J-45,1957,,5,0,0,0,1,0,0,0,0,0,0,0,0,0,0,0,True,2023-05-29,8720.0,"Late-50s J-45, post-1955 bracing change"
vg_guide,GIB-J-45-1958-014,Gibson,J-45,1958,,5,0,0,1,0,0,0,0,1,0,0,0,0,0,0,0,True,2022-01-24,5720.0,"Late-50s J-45, post-1955 bracing change"
vg_guide,GIB-J-45-1958-015,Gibson,J-45,1958,,6,0,0,1,0,0,0,0,1,0,0,0,0,0,0,0,True,2022-01-15,6930.0,"Late-50s J-45, post-1955 bracing change"
vg_guide,GIB-J-45-1958-016,Gibson,J-45,1958,,4,1,0,0,0,0,0,1,0,1,0,0,1,0,0,0,True,2024-02-10,5530.0,"Late-50s J-45, post-1955 bracing change"
vg_guide,GIB-J-45-1957-017,Gibson,J-45,1957,,4,0,0,0,1,0,0,1,0,0,0,0,1,0,0,0,True,2022-06-07,8680.0,"Late-50s J-45, post-1955 bracing change"
vg_guide,GIB-J-45-1956-018,Gibson,J-45,1956,,5,0,0,0,0,1,0,1,0,0,0,0,0,0,0,0,True,2022-08-06,5350.0,"Late-50s J-45, post-1955 bracing change"
vg_guide,GIB-J-45-1959-019,Gibson,J-45,1959,,6,1,0,0,0,0,0,0,0,0,0,0,0,1,0,0,True,2022-07-20,6780.0,"Late-50s J-45, post-1955 bracing change"
vg_guide,GIB-J-45-1956-020,Gibson,J-45,1956,,6,0,0,0,0,0,0,0,0,0,0,0,1,0,0,0,True,2023-07-24,8280.0,"Late-50s J-45, post-1955 bracing change"
vg_guide,GIB-J-45-1957-021,Gibson,J-45,1957,,6,0,0,0,0,0,0,1,0,0,0,0,0,1,0,0,True,2022-08-24,7980.0,"Late-50s J-45, post-1955 bracing change"
vg_guide,GIB-J-45-1959-022,Gibson,J-45,1959,,6,0,0,0,0,1,0,0,1,0,0,0,1,0,0,0,True,2023-11-30,6210.0,"Late-50s J-45, post-1955 bracing change"
vg_guide,GIB-J-45-1959-023,Gibson,J-45,1959,,6,0,0,0,0,0,0,0,0,0,0,0,0,0,0,0,True,2024-01-27,8220.0,"Late-50s J-45, post-1955 bracing change"
vg_guide,GIB-J-45-1958-024,Gibson,J-45,1958,,6,0,0,0,0,0,0,0,0,0,0,0,1,0,0,0,True,2022-03-31,6530.0,"Late-50s J-45, post-1955 bracing change"
vg_guide,GIB-J-45-1965-000,Gibson,J-45,1965,,4,0,0,0,0,0,0,0,0,0,0,0,1,0,0,0,True,2023-07-30,7480.0,Adjustable-bridge era J-45
vg_guide,GIB-J-45-1962-001,Gibson,J-45,1962,,5,0,0,0,1,0,0,0,0,0,0,0,0,0,0,0,True,2023-09-14,5190.0,Adjustable-bridge era J-45
vg_guide,GIB-J-45-1965-002,Gibson,J-45,1965,,4,0,0,1,0,0,0,1,0,0,0,0,1,0,0,0,True,2023-08-25,6960.0,Adjustable-bridge era J-45
vg_guide,GIB-J-45-1961-003,Gibson,J-45,1961,,6,0,1,0,0,0,0,0,0,0,0,0,0,1,0,0,True,2023-06-28,3960.0,Adjustable-bridge era J-45
vg_guide,GIB-J-45-1963-004,Gibson,J-45,1963,,6,0,0,0,0,0,0,0,0,0,0,0,0,0,0,0,True,2023-05-01,7020.0,Adjustable-bridge era J-45
vg_guide,GIB-J-45-1964-005,Gibson,J-45,1964,,5,0,0,1,0,1,0,0,0,0,0,0,1,0,0,0,True,2021-09-21,6520.0,Adjustable-bridge era J-45
vg_guide,GIB-J-45-1961-006,Gibson,J-45,1961,,6,0,0,0,0,0,0,0,0,0,0,0,1,0,0,0,True,2023-03-05,7680.0,Adjustable-bridge era J-45
vg_guide,GIB-J-45-1961-007,Gibson,J-45,1961,,5,0,0,0,1,0,0,1,0,0,0,0,1,0,0,0,True,2023-08-07,4490.0,Adjustable-bridge era J-45
vg_guide,GIB-J-45-1964-008,Gibson,J-45,1964,,6,0,0,0,1,0,0,0,0,0,0,0,1,0,0,0,True,2021-06-17,7100.0,Adjustable-bridge era J-45
vg_guide,GIB-J-45-1962-009,Gibson,J-45,1962,,5,0,0,1,0,0,0,0,0,0,0,0,0,0,0,0,True,2023-01-23,4930.0,Adjustable-bridge era J-45
vg_guide,GIB-J-45-1961-010,Gibson,J-45,1961,,6,0,0,0,0,0,0,0,0,0,0,0,1,0,0,0,True,2021-07-28,5910.0,Adjustable-bridge era J-45
vg_guide,GIB-J-45-1964-011,Gibson,J-45,1964,,4,0,1,0,0,0,0,1,0,0,0,0,1,0,0,0,True,2022-07-22,3810.0,Adjustable-bridge era J-45
vg_guide,GIB-J-45-1963-012,Gibson,J-45,1963,,6,0,0,0,0,0,0,1,1,0,0,0,1,0,0,0,True,2022-10-10,5000.0,Adjustable-bridge era J-45
vg_guide,GIB-J-45-1961-013,Gibson,J-45,1961,,5,0,0,0,0,0,0,0,0,0,0,0,0,0,0,0,True,2022-07-23,7770.0,Adjustable-bridge era J-45
vg_guide,GIB-J-45-1964-014,Gibson,J-45,1964,,5,0,0,0,0,0,0,1,0,0,0,0,1,0,0,0,True,2022-01-14,7310.0,Adjustable-bridge era J-45
vg_guide,GIB-J-45-1962-015,Gibson,J-45,1962,,6,1,0,0,0,0,0,0,0,0,0,0,1,0,0,0,True,2022-06-10,3990.0,Adjustable-bridge era J-45
vg_guide,GIB-J-45-1961-016,Gibson,J-45,1961,,4,0,0,1,1,0,0,1,0,0,0,0,1,0,0,0,True,2023-09-17,6560.0,Adjustable-bridge era J-45
vg_guide,GIB-J-45-1963-017,Gibson,J-45,1963,,5,0,0,0,0,0,0,0,0,0,0,0,0,0,0,0,True,2022-03-09,5840.0,Adjustable-bridge era J-45
vg_guide,GIB-J-45-1961-018,Gibson,J-45,1961,,4,0,0,0,0,0,0,1,0,0,0,0,1,0,0,0,True,2021-08-31,7290.0,Adjustable-bridge era J-45
vg_guide,GIB-J-45-1961-019,Gibson,J-45,1961,,5,0,0,0,0,0,0,0,0,0,0,0,0,0,0,0,True,2022-10-16,5100.0,Adjustable-bridge era J-45
vg_guide,GIB-J-45-1962-020,Gibson,J-45,1962,,5,1,0,0,1,0,0,0,0,0,0,0,1,0,0,0,True,2023-09-10,4210.0,Adjustable-bridge era J-45
vg_guide,GIB-J-45-1963-021,Gibson,J-45,1963,,5,0,0,0,1,0,0,0,0,0,0,0,1,0,0,0,True,2021-07-08,7660.0,Adjustable-bridge era J-45
vg_guide,GIB-J-45-1967-000,Gibson,J-45,1967,,4,0,0,1,1,0,0,0,0,0,0,0,1,0,0,0,True,2021-07-05,3910.0,"Late-60s adjustable-bridge J-45, square-shoulder transition"
vg_guide,GIB-J-45-1968-001,Gibson,J-45,1968,,4,0,0,0,0,0,0,0,0,0,0,0,1,0,0,0,True,2022-07-11,4730.0,"Late-60s adjustable-bridge J-45, square-shoulder transition"
vg_guide,GIB-J-45-1966-002,Gibson,J-45,1966,,4,0,0,0,0,0,0,0,0,0,0,0,0,0,0,0,True,2022-10-17,3110.0,"Late-60s adjustable-bridge J-45, square-shoulder transition"
vg_guide,GIB-J-45-1967-003,Gibson,J-45,1967,,6,0,0,0,0,0,0,0,0,0,0,0,0,0,0,0,True,2022-08-18,4020.0,"Late-60s adjustable-bridge J-45, square-shoulder transition"
vg_guide,GIB-J-45-1969-004,Gibson,J-45,1969,,4,0,0,1,0,0,0,1,0,0,0,0,1,0,0,0,True,2022-01-27,5050.0,"Late-60s adjustable-bridge J-45, square-shoulder transition"
vg_guide,GIB-J-45-1967-005,Gibson,J-45,1967,,5,0,0,0,0,0,0,0,0,0,0,0,1,0,0,0,True,2022-03-19,5490.0,"Late-60s adjustable-bridge J-45, square-shoulder transition"
vg_guide,GIB-J-45-1967-006,Gibson,J-45,1967,,6,1,0,0,0,0,0,0,0,0,0,0,1,0,0,0,True,2022-12-08,2800.0,"Late-60s adjustable-bridge J-45, square-shoulder transition"
vg_guide,GIB-J-45-1968-007,Gibson,J-45,1968,,4,0,0,1,0,0,0,1,0,0,0,0,1,0,0,0,True,2023-10-02,4120.0,"Late-60s adjustable-bridge J-45, square-shoulder transition"
vg_guide,GIB-J-45-1968-008,Gibson,J-45,1968,,5,0,0,0,1,0,0,0,1,0,0,0,1,0,0,0,True,2021-07-04,4000.0,"Late-60s adjustable-bridge J-45, square-shoulder transition"
vg_guide,GIB-J-45-1967-009,Gibson,J-45,1967,,5,0,0,0,0,0,0,0,0,0,0,0,1,1,0,0,True,2022-09-27,5490.0,"Late-60s adjustable-bridge J-45, square-shoulder transition"
vg_guide,GIB-J-45-1968-010,Gibson,J-45,1968,,6,0,0,0,0,0,0,0,0,0,0,0,1,0,0,0,True,2023-02-21,3370.0,"Late-60s adjustable-bridge J-45, square-shoulder transition"
vg_guide,GIB-J-45-1967-011,Gibson,J-45,1967,,6,0,0,0,1,1,0,0,0,0,0,0,0,0,0,0,True,2022-08-29,3740.0,"Late-60s adjustable-bridge J-45, square-shoulder transition"
vg_guide,GIB-J-45-1967-012,Gibson,J-45,1967,,5,0,0,0,0,0,0,0,0,0,0,0,1,0,0,0,True,2021-09-26,4380.0,"Late-60s adjustable-bridge J-45, square-shoulder transition"
vg_guide,GIB-J-45-1967-013,Gibson,J-45,1967,,5,0,0,0,0,0,0,0,0,0,0,0,1,0,0,0,True,2023-01-14,5440.0,"Late-60s adjustable-bridge J-45, square-shoulder transition"
vg_guide,GIB-J-45-1968-014,Gibson,J-45,1968,,5,0,0,0,0,0,0,0,0,0,0,0,1,0,0,0,True,2022-04-16,4910.0,"Late-60s adjustable-bridge J-45, square-shoulder transition"
vg_guide,GIB-J-45-1968-015,Gibson,J-45,1968,,4,0,0,0,0,0,0,1,0,0,0,0,0,0,0,0,True,2022-11-23,3730.0,"Late-60s adjustable-bridge J-45, square-shoulder transition"
vg_guide,GIB-J-45-1967-016,Gibson,J-45,1967,,4,0,0,1,0,0,0,0,0,0,0,0,1,0,0,0,True,2023-07-14,3220.0,"Late-60s adjustable-bridge J-45, square-shoulder transition"
vg_guide,GIB-J-45-1969-017,Gibson,J-45,1969,,5,0,0,1,0,0,0,0,0,0,0,0,1,0,0,0,True,2024-03-17,4770.0,"Late-60s adjustable-bridge J-45, square-shoulder transition"
vg_guide,GIB-J-45-1972-000,Gibson,J-45,1972,,3,0,0,0,0,0,0,0,0,1,0,0,1,0,0,0,True,2023-10-26,3060.0,"Norlin-era J-45, lower collector demand"
vg_guide,GIB-J-45-1977-001,Gibson,J-45,1977,,6,1,0,0,0,0,0,0,0,0,0,0,1,0,0,0,True,2024-05-04,2390.0,"Norlin-era J-45, lower collector demand"
vg_guide,GIB-J-45-1979-002,Gibson,J-45,1979,,4,0,0,0,1,0,0,0,0,0,0,0,0,1,0,0,True,2022-08-09,1950.0,"Norlin-era J-45, lower collector demand"
vg_guide,GIB-J-45-1976-003,Gibson,J-45,1976,,4,0,0,0,0,0,0,0,0,0,0,0,1,0,0,0,True,2021-10-22,2640.0,"Norlin-era J-45, lower collector demand"
vg_guide,GIB-J-45-1978-004,Gibson,J-45,1978,,5,0,0,0,0,0,0,0,0,0,0,0,0,0,0,0,True,2022-04-28,2970.0,"Norlin-era J-45, lower collector demand"
vg_guide,GIB-J-45-1977-005,Gibson,J-45,1977,,4,0,0,0,0,0,0,1,0,0,0,0,0,0,0,0,True,2021-08-01,3100.0,"Norlin-era J-45, lower collector demand"
vg_guide,GIB-J-45-1972-006,Gibson,J-45,1972,,5,0,0,0,0,0,0,0,0,0,0,0,0,1,0,0,True,2022-02-02,3250.0,"Norlin-era J-45, lower collector demand"
vg_guide,GIB-J-45-1977-007,Gibson,J-45,1977,,5,0,0,0,1,0,0,0,0,0,0,0,0,0,0,0,True,2024-01-12,2820.0,"Norlin-era J-45, lower collector demand"
vg_guide,GIB-J-45-1974-008,Gibson,J-45,1974,,6,1,0,0,0,0,0,0,0,0,0,0,0,0,0,0,True,2022-04-20,1470.0,"Norlin-era J-45, lower collector demand"
vg_guide,GIB-J-45-1978-009,Gibson,J-45,1978,,4,0,0,0,0,1,0,0,0,1,0,0,1,0,0,0,True,2022-09-29,2240.0,"Norlin-era J-45, lower collector demand"
vg_guide,GIB-J-45-1976-010,Gibson,J-45,1976,,6,0,0,0,0,0,0,1,1,0,0,0,1,1,0,0,True,2024-04-30,3130.0,"Norlin-era J-45, lower collector demand"
vg_guide,GIB-J-45-1979-011,Gibson,J-45,1979,,3,0,0,1,0,0,0,0,0,0,0,0,0,0,0,0,True,2023-08-20,2560.0,"Norlin-era J-45, lower collector demand"
vg_guide,GIB-J-45-1979-012,Gibson,J-45,1979,,5,0,0,0,0,0,0,0,0,0,0,0,0,0,0,0,True,2023-06-09,2780.0,"Norlin-era J-45, lower collector demand"
vg_guide,GIB-J-45-1977-013,Gibson,J-45,1977,,3,0,0,0,0,0,0,1,0,0,0,0,0,0,0,0,True,2021-10-06,3450.0,"Norlin-era J-45, lower collector demand"
vg_guide,GIB-J-45-1972-014,Gibson,J-45,1972,,6,0,0,1,0,0,0,1,0,0,0,0,0,0,0,0,True,2022-05-04,3360.0,"Norlin-era J-45, lower collector demand"
vg_guide,GIB-J-45-1996-000,Gibson,J-45,1996,,5,0,0,1,0,0,0,0,0,0,0,0,0,0,0,0,True,2022-07-21,2180.0,Bozeman J-45 reissues
vg_guide,GIB-J-45-1996-001,Gibson,J-45,1996,,5,0,0,0,0,0,0,0,0,0,0,0,0,0,0,0,True,2022-10-31,3150.0,Bozeman J-45 reissues
vg_guide,GIB-J-45-2001-002,Gibson,J-45,2001,,6,0,0,0,0,0,0,1,0,0,0,0,1,0,0,0,True,2022-02-05,2230.0,Bozeman J-45 reissues
vg_guide,GIB-J-45-1994-003,Gibson,J-45,1994,,5,0,0,1,0,0,0,0,0,0,0,0,0,0,0,0,True,2022-07-11,2170.0,Bozeman J-45 reissues
vg_guide,GIB-J-45-2005-004,Gibson,J-45,2005,,6,0,0,0,0,1,0,0,0,0,0,0,1,1,0,0,True,2024-03-24,1850.0,Bozeman J-45 reissues
vg_guide,GIB-J-45-1991-005,Gibson,J-45,1991,,5,0,0,1,0,0,0,0,0,0,0,0,1,1,0,0,True,2021-09-16,2450.0,Bozeman J-45 reissues
vg_guide,GIB-J-45-2003-006,Gibson,J-45,2003,,5,0,0,0,0,0,0,0,0,0,0,0,1,0,0,0,True,2023-11-17,1880.0,Bozeman J-45 reissues
vg_guide,GIB-J-45-1998-007,Gibson,J-45,1998,,6,0,0,0,0,0,0,1,0,0,0,0,1,0,0,0,True,2024-03-29,2240.0,Bozeman J-45 reissues
vg_guide,GIB-J-45-2005-008,Gibson,J-45,2005,,5,0,0,0,0,0,0,1,0,0,0,0,1,0,0,0,True,2024-03-06,2770.0,Bozeman J-45 reissues
vg_guide,GIB-J-45-2005-009,Gibson,J-45,2005,,6,0,0,0,1,0,0,0,0,0,0,0,0,0,0,0,True,2023-08-11,1730.0,Bozeman J-45 reissues
vg_guide,GIB-J-45-2002-010,Gibson,J-45,2002,,5,0,0,0,0,0,0,0,0,0,0,0,0,0,0,0,True,2023-12-24,2220.0,Bozeman J-45 reissues
vg_guide,GIB-J-45-1991-011,Gibson,J-45,1991,,5,0,0,0,0,0,0,0,0,1,0,0,1,0,0,0,True,2021-11-22,2110.0,Bozeman J-45 reissues
vg_guide,GIB-J-50-1953-000,Gibson,J-50,1953,,5,0,0,0,0,0,0,0,1,0,0,0,1,0,0,0,True,2023-07-22,6780.0,Natural-top sister to the J-45
vg_guide,GIB-J-50-1948-001,Gibson,J-50,1948,,4,0,0,1,0,0,0,1,0,0,0,0,1,0,0,0,True,2024-04-09,6210.0,Natural-top sister to the J-45
vg_guide,GIB-J-50-1952-002,Gibson,J-50,1952,,5,0,0,0,0,0,0,1,0,0,0,0,0,0,0,0,True,2023-06-20,6060.0,Natural-top sister to the J-45
vg_guide,GIB-J-50-1954-003,Gibson,J-50,1954,,4,0,0,1,0,0,0,0,0,0,0,0,1,0,0,0,True,2023-04-28,6510.0,Natural-top sister to the J-45
vg_guide,GIB-J-50-1947-004,Gibson,J-50,1947,,5,0,0,0,0,0,0,0,0,0,0,0,0,0,0,0,True,2022-08-15,7660.0,Natural-top sister to the J-45
vg_guide,GIB-J-50-1954-005,Gibson,J-50,1954,,5,0,0,0,0,0,0,0,0,0,0,0,1,0,0,0,True,2022-03-20,7090.0,Natural-top sister to the J-45
vg_guide,GIB-J-50-1950-006,Gibson,J-50,1950,,6,1,1,0,0,0,0,0,0,0,0,0,0,0,0,0,True,2024-01-12,4230.0,Natural-top sister to the J-45
vg_guide,GIB-J-50-1953-007,Gibson,J-50,1953,,6,0,0,0,0,0,0,0,1,0,0,0,1,0,0,0,True,2022-03-04,8310.0,Natural-top sister to the J-45
vg_guide,GIB-J-50-1953-008,Gibson,J-50,1953,,6,0,0,0,0,0,0,0,1,0,0,0,0,1,0,0,True,2023-06-27,5870.0,Natural-top sister to the J-45
vg_guide,GIB-J-50-1953-009,Gibson,J-50,1953,,5,0,0,0,0,0,0,0,0,0,0,0,1,0,0,0,True,2022-03-23,11150.0,Natural-top sister to the J-45
vg_guide,GIB-J-50-1955-010,Gibson,J-50,1955,,4,1,0,0,1,0,0,0,0,0,0,0,1,0,0,0,True,2021-11-12,5180.0,Natural-top sister to the J-45
vg_guide,GIB-J-50-1952-011,Gibson,J-50,1952,,5,0,0,1,0,0,0,0,1,0,0,0,1,0,0,0,True,2023-07-01,6350.0,Natural-top sister to the J-45
vg_guide,GIB-J-50-1955-012,Gibson,J-50,1955,,4,0,0,0,0,0,0,0,0,0,0,0,1,0,0,0,True,2023-04-24,9020.0,Natural-top sister to the J-45
vg_guide,GIB-J-50-1947-013,Gibson,J-50,1947,,6,0,0,0,0,0,0,0,0,0,0,0,0,0,0,0,True,2023-10-12,7070.0,Natural-top sister to the J-45
vg_guide,GIB-J-50-1964-000,Gibson,J-50,1964,,6,0,0,0,0,0,0,0,0,0,0,0,1,0,0,0,True,2023-12-11,5930.0,
vg_guide,GIB-J-50-1959-001,Gibson,J-50,1959,,5,0,0,0,0,0,0,0,0,0,0,0,1,0,0,0,True,2023-06-13,5120.0,
vg_guide,GIB-J-50-1958-002,Gibson,J-50,1958,,4,0,0,1,1,0,0,0,0,0,0,0,1,0,0,0,True,2021-08-23,5520.0,
vg_guide,GIB-J-50-1963-003,Gibson,J-50,1963,,5,0,0,1,0,0,0,0,0,0,0,0,0,0,0,0,True,2021-08-22,5170.0,
vg_guide,GIB-J-50-1957-004,Gibson,J-50,1957,,5,0,0,1,0,0,0,0,0,0,0,0,1,0,0,0,True,2023-01-12,7830.0,
vg_guide,GIB-J-50-1963-005,Gibson,J-50,1963,,5,0,0,0,0,0,0,1,0,0,0,0,1,0,0,0,True,2022-01-07,6070.0,
vg_guide,GIB-J-50-1959-006,Gibson,J-50,1959,,4,0,0,1,0,0,0,0,0,0,0,0,1,0,0,0,True,2021-07-14,7950.0,
vg_guide,GIB-J-50-1957-007,Gibson,J-50,1957,,4,0,0,0,1,0,0,0,0,0,0,0,0,0,0,0,True,2023-01-12,7770.0,
vg_guide,GIB-J-50-1963-008,Gibson,J-50,1963,,4,0,0,0,0,0,0,0,1,0,0,0,1,0,0,0,True,2022-05-08,6660.0,
vg_guide,GIB-J-50-1965-009,Gibson,J-50,1965,,4,0,0,0,0,0,0,0,0,0,0,0,1,0,0,0,True,2022-01-04,8210.0,
vg_guide,GIB-J-50-1961-010,Gibson,J-50,1961,,5,0,0,0,0,0,0,1,1,0,0,0,0,0,0,0,True,2021-11-03,5560.0,
vg_guide,GIB-J-50-1958-011,Gibson,J-50,1958,,5,0,0,0,0,0,0,0,0,0,0,0,1,0,0,0,True,2023-11-23,6520.0,
vg_guide,GIB-SouthernJumbo-1947-000,Gibson,Southern Jumbo,1947,,6,1,0,0,0,1,0,1,0,0,0,0,1,0,0,0,True,2021-09-29,10930.0,Banner-era Southern Jumbo
vg_guide,GIB-SouthernJumbo-1949-001,Gibson,Southern Jumbo,1949,,4,0,0,0,0,0,0,0,0,0,0,0,1,0,0,0,True,2023-11-03,10370.0,Banner-era Southern Jumbo
vg_guide,GIB-SouthernJumbo-1944-002,Gibson,Southern Jumbo,1944,,5,0,0,1,0,0,0,0,1,0,0,0,1,0,0,0,True,2023-03-23,15840.0,Banner-era Southern Jumbo
vg_guide,GIB-SouthernJumbo-1948-003,Gibson,Southern Jumbo,1948,,6,0,0,0,0,0,0,1,0,0,0,0,1,0,0,0,True,2023-08-20,15960.0,Banner-era Southern Jumbo
vg_guide,GIB-SouthernJumbo-1945-004,Gibson,Southern Jumbo,1945,,6,0,0,1,0,0,0,0,0,0,0,0,1,0,0,0,True,2023-05-12,15250.0,Banner-era Southern Jumbo
vg_guide,GIB-SouthernJumbo-1942-005,Gibson,Southern Jumbo,1942,,4,1,0,0,0,0,0,0,0,0,0,0,1,0,0,0,True,2022-01-22,10060.0,Banner-era Southern Jumbo
vg_guide,GIB-SouthernJumbo-1949-006,Gibson,Southern Jumbo,1949,,4,1,1,1,0,0,0,0,0,0,0,0,1,0,0,0,True,2022-02-02,4020.0,Banner-era Southern Jumbo
vg_guide,GIB-SouthernJumbo-1944-007,Gibson,Southern Jumbo,1944,,5,1,0,1,0,0,0,0,0,0,0,0,0,0,0,0,True,2024-01-18,7470.0,Banner-era Southern Jumbo
vg_guide,GIB-SouthernJumbo-1945-008,Gibson,Southern Jumbo,1945,,4,0,0,1,0,1,0,0,0,0,0,0,1,0,0,0,True,2023-08-25,10840.0,Banner-era Southern Jumbo
vg_guide,GIB-SouthernJumbo-1947-009,Gibson,Southern Jumbo,1947,,6,0,0,0,0,0,0,0,0,0,0,0,1,0,0,0,True,2022-07-16,14560.0,Banner-era Southern Jumbo
vg_guide,GIB-SouthernJumbo-1943-010,Gibson,Southern Jumbo,1943,,5,0,0,0,0,0,0,0,0,0,0,0,1,0,0,0,True,2023-11-04,16170.0,Banner-era Southern Jumbo
vg_guide,GIB-SouthernJumbo-1943-011,Gibson,Southern Jumbo,1943,,4,1,1,1,0,0,0,0,0,0,0,0,0,0,0,0,True,2024-03-21,6130.0,Banner-era Southern Jumbo
vg_guide,GIB-SouthernJumbo-1948-012,Gibson,Southern Jumbo,1948,,4,0,0,1,0,0,0,0,0,0,0,0,0,0,0,0,True,2021-07-11,12570.0,Banner-era Southern Jumbo
vg_guide,GIB-SouthernJumbo-1943-013,Gibson,Southern Jumbo,1943,,5,0,0,0,0,0,0,0,0,0,0,0,1,0,0,0,True,2023-01-22,17440.0,Banner-era Southern Jumbo
vg_guide,GIB-SouthernJumbo-1957-000,Gibson,Southern Jumbo,1957,,4,0,0,0,1,0,0,0,0,0,0,0,0,1,0,0,True,2024-05-13,9920.0,
vg_guide,GIB-SouthernJumbo-1956-001,Gibson,Southern Jumbo,1956,,6,1,0,0,1,0,0,0,0,0,0,0,1,0,0,0,True,2023-02-13,7130.0,
vg_guide,GIB-SouthernJumbo-1955-002,Gibson,Southern Jumbo,1955,,5,1,0,0,1,0,0,0,0,0,0,0,1,0,0,0,True,2023-02-03,7960.0,
vg_guide,GIB-SouthernJumbo-1956-003,Gibson,Southern Jumbo,1956,,6,0,0,0,1,0,0,0,0,0,0,0,1,0,0,0,True,2021-11-24,10690.0,
vg_guide,GIB-SouthernJumbo-1958-004,Gibson,Southern Jumbo,1958,,5,0,0,1,1,0,0,1,0,0,0,0,1,0,0,0,True,2024-03-11,11330.0,
vg_guide,GIB-SouthernJumbo-1952-005,Gibson,Southern Jumbo,1952,,4,0,1,0,0,0,0,1,0,0,0,0,1,0,0,0,True,2023-01-07,5980.0,
vg_guide,GIB-SouthernJumbo-1952-006,Gibson,Southern Jumbo,1952,,4,0,0,0,0,0,0,0,0,0,0,0,0,1,0,0,True,2022-12-19,7060.0,
vg_guide,GIB-SouthernJumbo-1951-007,Gibson,Southern Jumbo,1951,,4,0,0,0,0,0,0,0,1,0,0,0,1,0,0,0,True,2021-12-27,11260.0,
vg_guide,GIB-SouthernJumbo-1950-008,Gibson,Southern Jumbo,1950,,5,1,0,0,0,0,0,0,1,0,0,0,1,0,0,0,True,2022-10-06,7130.0,
vg_guide,GIB-SouthernJumbo-1957-009,Gibson,Southern Jumbo,1957,,4,0,0,0,0,1,0,0,0,0,0,0,1,0,0,0,True,2022-04-10,6740.0,
vg_guide,GIB-SouthernJumbo-1958-010,Gibson,Southern Jumbo,1958,,5,0,0,1,0,0,0,0,1,0,0,0,1,0,0,0,True,2021-10-09,8530.0,
vg_guide,GIB-SouthernJumbo-1953-011,Gibson,Southern Jumbo,1953,,4,0,0,0,1,0,0,0,0,0,0,0,1,0,0,0,True,2022-03-29,7180.0,
vg_guide,GIB-SouthernJumbo-1952-012,Gibson,Southern Jumbo,1952,,4,0,0,0,0,0,0,0,0,0,0,0,0,0,0,0,True,2023-05-13,8180.0,
vg_guide,GIB-SouthernJumbo-1957-013,Gibson,Southern Jumbo,1957,,6,0,0,0,0,0,0,0,1,0,0,0,1,0,0,0,True,2023-09-08,8360.0,
vg_guide,GIB-CountryWestern-1961-000,Gibson,Country Western,1961,,4,0,0,0,0,0,0,0,0,0,0,0,0,0,0,0,True,2022-03-14,5590.0,
vg_guide,GIB-CountryWestern-1961-001,Gibson,Country Western,1961,,4,0,0,0,0,0,0,1,0,0,0,0,1,0,0,0,True,2022-06-02,9690.0,
vg_guide,GIB-CountryWestern-1958-002,Gibson,Country Western,1958,,5,0,0,0,0,0,0,1,0,0,0,0,1,0,0,0,True,2024-03-27,6930.0,
vg_guide,GIB-CountryWestern-1965-003,Gibson,Country Western,1965,,4,1,0,1,0,0,0,0,0,0,0,0,1,0,0,0,True,2022-07-15,5810.0,
vg_guide,GIB-CountryWestern-1959-004,Gibson,Country Western,1959,,6,0,1,0,0,0,0,0,0,0,0,0,1,0,0,0,True,2022-04-18,3270.0,
vg_guide,GIB-CountryWestern-1963-005,Gibson,Country Western,1963,,6,0,0,0,0,1,0,0,0,0,0,0,1,0,0,0,True,2023-06-19,7350.0,
vg_guide,GIB-CountryWestern-1957-006,Gibson,Country Western,1957,,6,0,0,0,0,0,0,1,0,0,0,0,1,0,0,0,True,2021-12-25,9550.0,
vg_guide,GIB-CountryWestern-1959-007,Gibson,Country Western,1959,,4,0,0,0,0,0,0,1,1,0,0,0,0,0,0,0,True,2021-08-31,6780.0,
vg_guide,GIB-CountryWestern-1962-008,Gibson,Country Western,1962,,4,0,0,1,1,0,0,0,0,0,0,0,0,0,0,0,True,2022-09-09,6210.0,
vg_guide,GIB-CountryWestern-1960-009,Gibson,Country Western,1960,,4,0,0,1,1,0,0,1,0,0,0,0,1,0,0,0,True,2024-01-27,7730.0,
vg_guide,GIB-CountryWestern-1957-010,Gibson,Country Western,1957,,4,0,0,0,1,0,0,0,0,0,0,0,1,0,0,0,True,2021-10-03,7830.0,
vg_guide,GIB-CountryWestern-1960-011,Gibson,Country Western,1960,,4,0,0,0,0,0,0,1,0,0,0,0,1,0,0,0,True,2021-11-25,7290.0,
vg_guide,GIB-SJ-200-1950-000,Gibson,SJ-200,1950,,4,0,0,0,0,0,0,1,0,0,0,0,0,0,0,0,True,2024-01-16,17510.0,"Early-50s SJ-200, maple, mustache bridge"
vg_guide,GIB-SJ-200-1955-001,Gibson,SJ-200,1955,,5,0,1,0,0,0,0,0,0,0,0,0,0,0,0,0,True,2023-11-09,14450.0,"Early-50s SJ-200, maple, mustache bridge"
vg_guide,GIB-SJ-200-1948-002,Gibson,SJ-200,1948,,5,0,0,0,0,0,0,1,0,0,0,0,0,0,0,0,True,2022-03-02,26410.0,"Early-50s SJ-200, maple, mustache bridge"
vg_guide,GIB-SJ-200-1952-003,Gibson,SJ-200,1952,,6,0,0,1,0,0,0,0,0,0,0,0,0,0,0,0,True,2023-11-13,18850.0,"Early-50s SJ-200, maple, mustache bridge"
vg_guide,GIB-SJ-200-1951-004,Gibson,SJ-200,1951,,6,0,0,0,0,0,0,0,0,0,0,0,1,0,0,0,True,2021-07-10,21960.0,"Early-50s SJ-200, maple, mustache bridge"
vg_guide,GIB-SJ-200-1955-005,Gibson,SJ-200,1955,,4,0,0,0,0,0,0,1,0,0,0,0,1,0,0,0,True,2024-02-04,17290.0,"Early-50s SJ-200, maple, mustache bridge"
vg_guide,GIB-SJ-200-1952-006,Gibson,SJ-200,1952,,6,0,0,0,0,0,0,0,0,0,0,0,1,0,0,0,True,2021-10-04,18940.0,"Early-50s SJ-200, maple, mustache bridge"
vg_guide,GIB-SJ-200-1949-007,Gibson,SJ-200,1949,,5,0,0,1,0,0,0,0,0,0,0,0,1,0,0,0,True,2023-04-05,25740.0,"Early-50s SJ-200, maple, mustache bridge"
vg_guide,GIB-SJ-200-1947-008,Gibson,SJ-200,1947,,6,0,0,1,0,0,0,0,0,0,0,0,0,0,0,0,True,2022-11-16,16110.0,"Early-50s SJ-200, maple, mustache bridge"
vg_guide,GIB-SJ-200-1952-009,Gibson,SJ-200,1952,,5,0,0,0,1,0,0,0,0,0,0,0,0,0,0,0,True,2022-04-27,17690.0,"Early-50s SJ-200, maple, mustache bridge"
vg_guide,GIB-SJ-200-1951-010,Gibson,SJ-200,1951,,5,0,0,0,0,0,0,1,0,0,0,0,1,0,0,0,True,2023-05-13,24940.0,"Early-50s SJ-200, maple, mustache bridge"
vg_guide,GIB-SJ-200-1947-011,Gibson,SJ-200,1947,,6,0,1,0,0,0,0,0,0,0,0,0,1,0,0,0,True,2023-05-10,11810.0,"Early-50s SJ-200, maple, mustache bridge"
vg_guide,GIB-SJ-200-1955-012,Gibson,SJ-200,1955,,6,0,0,0,0,0,0,0,0,0,0,0,0,0,0,0,True,2023-09-13,25420.0,"Early-50s SJ-200, maple, mustache bridge"
vg_guide,GIB-SJ-200-1955-013,Gibson,SJ-200,1955,,4,0,0,0,0,0,0,0,0,0,0,0,0,0,0,0,True,2022-10-08,27360.0,"Early-50s SJ-200, maple, mustache bridge"
vg_guide,GIB-SJ-200-1956-000,Gibson,SJ-200,1956,,6,0,0,0,0,1,0,1,0,0,0,0,1,0,0,0,True,2023-07-29,14200.0,
vg_guide,GIB-SJ-200-1962-001,Gibson,SJ-200,1962,,6,0,0,1,1,0,0,1,0,0,0,0,1,0,0,0,True,2024-02-04,17380.0,
vg_guide,GIB-SJ-200-1958-002,Gibson,SJ-200,1958,,6,0,0,0,0,0,0,0,0,0,0,0,0,0,0,0,True,2024-03-16,17120.0,
vg_guide,GIB-SJ-200-1956-003,Gibson,SJ-200,1956,,5,0,1,0,0,0,0,0,0,0,0,0,1,0,0,0,True,2021-08-06,9660.0,
vg_guide,GIB-SJ-200-1956-004,Gibson,SJ-200,1956,,5,0,0,0,0,0,0,1,0,0,0,0,1,0,0,0,True,2023-05-13,19150.0,
vg_guide,GIB-SJ-200-1962-005,Gibson,SJ-200,1962,,4,0,0,0,1,1,0,0,0,0,0,0,1,0,0,0,True,2022-12-26,10810.0,
vg_guide,GIB-SJ-200-1965-006,Gibson,SJ-200,1965,,4,0,0,0,0,0,0,0,0,0,0,0,1,0,0,0,True,2024-05-13,16780.0,
vg_guide,GIB-SJ-200-1964-007,Gibson,SJ-200,1964,,5,0,0,0,0,0,0,0,0,0,0,0,1,0,0,0,True,2023-04-19,16460.0,
vg_guide,GIB-SJ-200-1959-008,Gibson,SJ-200,1959,,5,0,0,0,0,0,0,0,0,1,0,0,1,0,0,0,True,2023-10-19,14560.0,
vg_guide,GIB-SJ-200-1958-009,Gibson,SJ-200,1958,,4,1,0,0,0,1,0,0,0,0,0,0,0,0,0,0,True,2023-06-10,10620.0,
vg_guide,GIB-SJ-200-1961-010,Gibson,SJ-200,1961,,6,0,0,1,0,0,0,0,0,0,0,0,1,0,0,0,True,2021-12-18,13910.0,
vg_guide,GIB-SJ-200-1957-011,Gibson,SJ-200,1957,,5,0,0,0,0,0,0,1,0,0,0,0,1,0,0,0,True,2023-06-26,18050.0,
vg_guide,GIB-SJ-200-1956-012,Gibson,SJ-200,1956,,4,0,0,0,0,0,0,0,0,0,0,0,1,0,0,0,True,2023-09-08,12180.0,
vg_guide,GIB-SJ-200-1962-013,Gibson,SJ-200,1962,,5,0,0,0,0,0,0,0,0,0,0,0,1,0,0,0,True,2022-07-10,11710.0,
vg_guide,GIB-J-200-1975-000,Gibson,J-200,1975,,4,0,0,0,1,0,0,0,0,0,0,0,1,0,0,0,True,2024-05-09,7410.0,
vg_guide,GIB-J-200-1973-001,Gibson,J-200,1973,,5,1,0,0,1,0,0,1,0,0,0,0,1,0,0,0,True,2023-02-06,6360.0,
vg_guide,GIB-J-200-1975-002,Gibson,J-200,1975,,5,0,0,0,1,0,0,0,0,1,0,0,1,0,0,0,True,2023-11-28,5170.0,
vg_guide,GIB-J-200-1970-003,Gibson,J-200,1970,,6,0,0,0,0,0,0,0,0,0,0,0,1,0,0,0,True,2021-10-07,8500.0,
vg_guide,GIB-J-200-1973-004,Gibson,J-200,1973,,4,0,0,0,0,0,0,0,0,0,0,0,1,0,0,0,True,2023-07-01,6580.0,
vg_guide,GIB-J-200-1972-005,Gibson,J-200,1972,,4,0,0,0,0,0,0,0,0,0,0,0,1,0,0,0,True,2024-02-27,7230.0,
vg_guide,GIB-J-200-1975-006,Gibson,J-200,1975,,4,0,0,1,0,0,0,0,0,1,0,0,0,0,0,0,True,2021-09-16,7730.0,
vg_guide,GIB-J-200-1968-007,Gibson,J-200,1968,,6,0,0,0,0,0,0,0,0,0,0,0,1,0,0,0,True,2023-01-10,8560.0,
vg_guide,GIB-J-200-1970-008,Gibson,J-200,1970,,5,1,0,0,0,0,0,1,0,0,0,0,0,0,0,0,True,2023-03-14,6450.0,
vg_guide,GIB-J-200-1970-009,Gibson,J-200,1970,,6,0,0,0,0,0,0,0,0,0,0,0,0,0,0,0,True,2022-06-11,7380.0,
vg_guide,GIB-J-200-1972-010,Gibson,J-200,1972,,6,0,0,0,0,0,0,0,1,0,0,0,1,0,0,0,True,2023-04-19,8800.0,
vg_guide,GIB-J-200-1970-011,Gibson,J-200,1970,,6,0,0,0,1,0,0,0,0,0,0,0,0,0,0,0,True,2023-02-28,6510.0,
vg_guide,GIB-J-200-1969-012,Gibson,J-200,1969,,6,0,0,0,0,0,0,1,0,0,0,0,1,0,0,0,True,2024-02-12,9410.0,
vg_guide,GIB-J-200-1975-013,Gibson,J-200,1975,,5,0,0,0,0,0,0,0,0,0,0,0,0,0,0,0,True,2022-10-08,9320.0,
vg_guide,GIB-J-200-1992-000,Gibson,J-200,1992,,5,0,1,0,0,1,0,0,0,0,0,0,1,0,0,0,True,2021-10-20,3180.0,Bozeman J-200 reissue
vg_guide,GIB-J-200-1994-001,Gibson,J-200,1994,,6,0,0,0,0,0,0,1,0,0,0,0,0,0,0,0,True,2021-06-21,5290.0,Bozeman J-200 reissue
vg_guide,GIB-J-200-1992-002,Gibson,J-200,1992,,7,0,0,0,0,0,0,0,0,0,0,0,1,0,0,0,True,2021-06-11,4100.0,Bozeman J-200 reissue
vg_guide,GIB-J-200-2010-003,Gibson,J-200,2010,,5,0,0,0,0,0,0,0,1,0,0,0,1,0,0,0,True,2023-10-13,3760.0,Bozeman J-200 reissue
vg_guide,GIB-J-200-1999-004,Gibson,J-200,1999,,5,0,0,0,1,0,0,1,0,0,0,0,1,0,0,0,True,2023-11-18,5970.0,Bozeman J-200 reissue
vg_guide,GIB-J-200-2007-005,Gibson,J-200,2007,,7,0,0,0,0,0,0,0,1,0,0,0,0,0,0,0,True,2021-12-23,3350.0,Bozeman J-200 reissue
vg_guide,GIB-J-200-1994-006,Gibson,J-200,1994,,5,0,1,0,0,0,0,0,0,0,0,0,1,0,0,0,True,2022-03-30,2760.0,Bozeman J-200 reissue
vg_guide,GIB-J-200-2000-007,Gibson,J-200,2000,,5,0,0,1,0,0,0,1,1,0,0,0,1,0,0,0,True,2021-08-07,4570.0,Bozeman J-200 reissue
vg_guide,GIB-J-200-1999-008,Gibson,J-200,1999,,7,0,0,0,0,0,0,0,0,0,0,0,1,0,0,0,True,2022-10-06,3870.0,Bozeman J-200 reissue
vg_guide,GIB-J-200-2010-009,Gibson,J-200,2010,,6,1,0,1,0,0,0,0,0,0,0,0,0,0,0,0,True,2023-03-29,4460.0,Bozeman J-200 reissue
vg_guide,GIB-Hummingbird-1962-000,Gibson,Hummingbird,1962,,4,0,0,0,0,0,0,0,0,0,0,0,1,0,0,0,True,2024-02-11,11820.0,"Early Hummingbird, square-shoulder, mahogany"
vg_guide,GIB-Hummingbird-1964-001,Gibson,Hummingbird,1964,,5,1,0,1,0,0,0,1,0,0,0,0,0,0,0,0,True,2023-02-07,9010.0,"Early Hummingbird, square-shoulder, mahogany"
vg_guide,GIB-Hummingbird-1961-002,Gibson,Hummingbird,1961,,5,0,0,1,0,0,0,1,0,0,0,0,0,0,0,0,True,2022-08-30,11920.0,"Early Hummingbird, square-shoulder, mahogany"
vg_guide,GIB-Hummingbird-1965-003,Gibson,Hummingbird,1965,,6,0,0,0,0,0,0,0,0,0,0,0,1,0,0,0,True,2023-06-08,11970.0,"Early Hummingbird, square-shoulder, mahogany"
vg_guide,GIB-Hummingbird-1962-004,Gibson,Hummingbird,1962,,4,0,0,0,0,0,0,0,0,0,0,0,0,0,0,0,True,2022-02-23,14350.0,"Early Hummingbird, square-shoulder, mahogany"
vg_guide,GIB-Hummingbird-1960-005,Gibson,Hummingbird,1960,,6,0,0,1,0,0,0,0,0,0,0,0,1,0,0,0,True,2023-09-01,10880.0,"Early Hummingbird, square-shoulder, mahogany"
vg_guide,GIB-Hummingbird-1963-006,Gibson,Hummingbird,1963,,5,0,0,0,1,0,0,0,0,0,0,0,0,0,0,0,True,2023-08-07,11170.0,"Early Hummingbird, square-shoulder, mahogany"
vg_guide,GIB-Hummingbird-1962-007,Gibson,Hummingbird,1962,,4,0,0,1,0,0,0,0,0,0,0,0,1,1,0,0,True,2021-11-13,10620.0,"Early Hummingbird, square-shoulder, mahogany"
vg_guide,GIB-Hummingbird-1965-008,Gibson,Hummingbird,1965,,5,0,0,0,0,0,0,0,0,0,0,0,0,0,0,0,True,2023-12-25,9620.0,"Early Hummingbird, square-shoulder, mahogany"
vg_guide,GIB-Hummingbird-1961-009,Gibson,Hummingbird,1961,,6,0,0,0,1,0,0,0,0,0,0,0,1,0,0,0,True,2021-07-14,10950.0,"Early Hummingbird, square-shoulder, mahogany"
vg_guide,GIB-Hummingbird-1961-010,Gibson,Hummingbird,1961,,4,0,0,0,0,0,0,0,0,0,0,0,1,0,0,0,True,2023-07-07,11510.0,"Early Hummingbird, square-shoulder, mahogany"
vg_guide,GIB-Hummingbird-1961-011,Gibson,Hummingbird,1961,,4,0,0,0,1,0,0,0,0,0,0,0,1,0,0,0,True,2022-02-22,9360.0,"Early Hummingbird, square-shoulder, mahogany"
vg_guide,GIB-Hummingbird-1960-012,Gibson,Hummingbird,1960,,6,0,0,0,0,0,0,0,0,0,0,0,0,0,0,0,True,2023-08-14,13370.0,"Early Hummingbird, square-shoulder, mahogany"
vg_guide,GIB-Hummingbird-1961-013,Gibson,Hummingbird,1961,,6,0,0,0,0,0,0,0,0,0,0,0,0,0,0,0,True,2023-04-14,12960.0,"Early Hummingbird, square-shoulder, mahogany"
vg_guide,GIB-Hummingbird-1965-014,Gibson,Hummingbird,1965,,5,0,0,0,0,0,0,0,0,0,0,0,1,0,0,0,True,2023-09-09,14380.0,"Early Hummingbird, square-shoulder, mahogany"
vg_guide,GIB-Hummingbird-1960-015,Gibson,Hummingbird,1960,,6,0,1,0,0,0,0,0,0,0,0,0,1,0,0,0,True,2023-11-14,7310.0,"Early Hummingbird, square-shoulder, mahogany"
vg_guide,GIB-Hummingbird-1961-016,Gibson,Hummingbird,1961,,4,0,0,0,0,1,0,0,0,0,0,0,1,0,0,0,True,2023-04-08,9700.0,"Early Hummingbird, square-shoulder, mahogany"
vg_guide,GIB-Hummingbird-1962-017,Gibson,Hummingbird,1962,,4,0,0,0,0,0,0,0,0,0,0,0,1,0,0,0,True,2022-02-06,10230.0,"Early Hummingbird, square-shoulder, mahogany"
vg_guide,GIB-Hummingbird-1967-000,Gibson,Hummingbird,1967,,5,0,0,0,0,0,0,0,0,0,0,0,0,0,0,0,True,2023-02-17,7460.0,"Late-60s Hummingbird, adjustable bridge"
vg_guide,GIB-Hummingbird-1967-001,Gibson,Hummingbird,1967,,4,0,0,0,0,1,0,0,0,0,0,0,1,0,0,0,True,2023-11-28,5670.0,"Late-60s Hummingbird, adjustable bridge"
vg_guide,GIB-Hummingbird-1969-002,Gibson,Hummingbird,1969,,4,0,1,0,0,0,0,0,0,0,0,0,1,0,0,0,True,2024-02-05,3240.0,"Late-60s Hummingbird, adjustable bridge"
vg_guide,GIB-Hummingbird-1969-003,Gibson,Hummingbird,1969,,5,0,0,1,0,0,0,0,0,0,0,0,0,0,0,0,True,2024-03-20,5540.0,"Late-60s Hummingbird, adjustable bridge"
vg_guide,GIB-Hummingbird-1967-004,Gibson,Hummingbird,1967,,4,0,0,0,0,0,0,0,0,0,0,0,1,0,0,0,True,2022-10-28,9260.0,"Late-60s Hummingbird, adjustable bridge"
vg_guide,GIB-Hummingbird-1968-005,Gibson,Hummingbird,1968,,5,0,0,0,0,0,0,0,0,0,0,0,0,0,0,0,True,2024-01-05,8870.0,"Late-60s Hummingbird, adjustable bridge"
vg_guide,GIB-Hummingbird-1966-006,Gibson,Hummingbird,1966,,6,0,0,0,0,0,0,0,0,0,0,0,0,0,0,0,True,2021-11-05,8850.0,"Late-60s Hummingbird, adjustable bridge"
vg_guide,GIB-Hummingbird-1966-007,Gibson,Hummingbird,1966,,5,1,0,0,0,0,0,0,0,0,0,0,0,0,0,0,True,2024-05-13,4130.0,"Late-60s Hummingbird, adjustable bridge"
vg_guide,GIB-Hummingbird-1968-008,Gibson,Hummingbird,1968,,4,0,0,1,0,0,0,0,0,0,0,0,1,0,0,0,True,2023-05-09,7100.0,"Late-60s Hummingbird, adjustable bridge"
vg_guide,GIB-Hummingbird-1967-009,Gibson,Hummingbird,1967,,5,0,0,1,1,0,0,0,0,0,0,0,1,0,0,0,True,2024-05-19,5960.0,"Late-60s Hummingbird, adjustable bridge"
vg_guide,GIB-Hummingbird-1966-010,Gibson,Hummingbird,1966,,5,0,0,0,0,0,0,1,0,0,0,0,0,0,0,0,True,2022-03-10,6800.0,"Late-60s Hummingbird, adjustable bridge"
vg_guide,GIB-Hummingbird-1966-011,Gibson,Hummingbird,1966,,6,0,0,0,0,0,0,0,0,0,0,0,1,1,0,0,True,2021-11-02,8550.0,"Late-60s Hummingbird, adjustable bridge"
vg_guide,GIB-Hummingbird-1967-012,Gibson,Hummingbird,1967,,5,0,0,0,0,0,0,0,0,0,0,0,0,0,0,0,True,2021-08-15,7530.0,"Late-60s Hummingbird, adjustable bridge"
vg_guide,GIB-Hummingbird-1968-013,Gibson,Hummingbird,1968,,5,0,0,0,0,0,0,0,1,0,0,0,1,0,0,0,True,2021-12-29,8310.0,"Late-60s Hummingbird, adjustable bridge"
vg_guide,GIB-Hummingbird-1972-000,Gibson,Hummingbird,1972,,6,1,0,0,0,0,0,0,0,0,0,0,1,0,0,0,True,2024-02-25,2960.0,Norlin-era Hummingbird
vg_guide,GIB-Hummingbird-1970-001,Gibson,Hummingbird,1970,,4,0,0,0,0,0,0,0,0,0,0,0,0,0,0,0,True,2024-04-22,4130.0,Norlin-era Hummingbird
vg_guide,GIB-Hummingbird-1979-002,Gibson,Hummingbird,1979,,4,0,0,0,0,0,0,0,0,0,0,0,1,0,0,0,True,2023-12-24,3760.0,Norlin-era Hummingbird
vg_guide,GIB-Hummingbird-1972-003,Gibson,Hummingbird,1972,,4,0,0,0,0,0,0,0,1,0,0,0,1,0,0,0,True,2022-10-14,3700.0,Norlin-era Hummingbird
vg_guide,GIB-Hummingbird-1976-004,Gibson,Hummingbird,1976,,5,0,0,0,0,0,0,0,0,0,0,0,0,0,0,0,True,2023-02-07,4280.0,Norlin-era Hummingbird
vg_guide,GIB-Hummingbird-1971-005,Gibson,Hummingbird,1971,,4,1,0,0,1,0,0,0,0,0,0,0,1,0,0,0,True,2022-12-12,1900.0,Norlin-era Hummingbird
vg_guide,GIB-Hummingbird-1976-006,Gibson,Hummingbird,1976,,5,0,0,0,1,0,0,0,1,0,0,0,1,0,0,0,True,2021-09-30,2690.0,Norlin-era Hummingbird
vg_guide,GIB-Hummingbird-1974-007,Gibson,Hummingbird,1974,,6,0,0,0,0,0,0,0,0,0,0,0,1,0,0,0,True,2021-06-04,2850.0,Norlin-era Hummingbird
vg_guide,GIB-Hummingbird-1978-008,Gibson,Hummingbird,1978,,4,0,0,0,1,0,0,0,0,0,0,0,1,0,0,0,True,2021-10-15,3940.0,Norlin-era Hummingbird
vg_guide,GIB-Hummingbird-1977-009,Gibson,Hummingbird,1977,,6,0,0,0,0,0,0,1,0,0,0,0,0,0,0,0,True,2023-01-07,3100.0,Norlin-era Hummingbird
vg_guide,GIB-Hummingbird-1976-010,Gibson,Hummingbird,1976,,6,1,0,0,0,0,0,0,0,0,0,0,0,0,0,0,True,2021-06-08,2060.0,Norlin-era Hummingbird
vg_guide,GIB-Hummingbird-1971-011,Gibson,Hummingbird,1971,,4,1,0,0,0,0,0,1,0,0,0,0,1,0,0,0,True,2024-04-17,2000.0,Norlin-era Hummingbird
vg_guide,GIB-Hummingbird-1998-000,Gibson,Hummingbird,1998,,5,0,0,0,0,0,0,0,0,0,0,0,1,1,0,0,True,2021-10-26,3590.0,Bozeman Hummingbird reissues
vg_guide,GIB-Hummingbird-1992-001,Gibson,Hummingbird,1992,,5,0,0,1,0,0,0,0,0,0,0,0,1,0,0,0,True,2023-01-09,2370.0,Bozeman Hummingbird reissues
vg_guide,GIB-Hummingbird-1997-002,Gibson,Hummingbird,1997,,7,0,0,0,0,0,0,0,0,0,0,0,0,1,0,0,True,2023-07-13,3990.0,Bozeman Hummingbird reissues
vg_guide,GIB-Hummingbird-2007-003,Gibson,Hummingbird,2007,,7,0,0,1,0,0,0,1,0,0,0,0,1,0,0,0,True,2024-05-02,2490.0,Bozeman Hummingbird reissues
vg_guide,GIB-Hummingbird-1993-004,Gibson,Hummingbird,1993,,6,1,0,0,0,0,0,0,0,0,0,0,1,0,0,0,True,2023-11-27,2610.0,Bozeman Hummingbird reissues
vg_guide,GIB-Hummingbird-2010-005,Gibson,Hummingbird,2010,,5,0,0,1,0,0,0,0,0,0,0,0,0,1,0,0,True,2021-12-16,2310.0,Bozeman Hummingbird reissues
vg_guide,GIB-Hummingbird-2002-006,Gibson,Hummingbird,2002,,6,0,0,0,0,0,0,0,0,0,0,0,1,0,0,0,True,2022-08-09,3610.0,Bozeman Hummingbird reissues
vg_guide,GIB-Hummingbird-2009-007,Gibson,Hummingbird,2009,,7,0,0,0,0,0,0,0,0,0,0,0,1,0,0,0,True,2024-04-24,2560.0,Bozeman Hummingbird reissues
vg_guide,GIB-Hummingbird-2009-008,Gibson,Hummingbird,2009,,5,0,0,1,0,0,0,0,0,0,0,0,0,0,0,0,True,2022-02-13,2780.0,Bozeman Hummingbird reissues
vg_guide,GIB-Hummingbird-2006-009,Gibson,Hummingbird,2006,,7,0,0,0,0,0,0,0,1,0,0,0,1,0,0,0,True,2021-09-02,2270.0,Bozeman Hummingbird reissues
vg_guide,GIB-Hummingbird-1998-010,Gibson,Hummingbird,1998,,5,0,0,0,0,0,0,0,0,0,0,0,1,0,0,0,True,2024-01-29,2950.0,Bozeman Hummingbird reissues
vg_guide,GIB-Hummingbird-2003-011,Gibson,Hummingbird,2003,,6,0,0,0,0,0,0,0,1,0,0,0,0,0,0,0,True,2023-11-07,3450.0,Bozeman Hummingbird reissues
vg_guide,GIB-Dove-1963-000,Gibson,Dove,1963,,4,0,0,0,0,0,0,0,1,0,0,0,0,0,0,0,True,2021-11-05,12500.0,"Early Dove, maple"
vg_guide,GIB-Dove-1962-001,Gibson,Dove,1962,,4,0,0,0,0,0,0,0,0,0,0,0,1,0,0,0,True,2022-08-07,15200.0,"Early Dove, maple"
vg_guide,GIB-Dove-1965-002,Gibson,Dove,1965,,6,0,0,0,0,0,0,0,0,0,0,0,1,0,0,0,True,2024-06-01,12300.0,"Early Dove, maple"
vg_guide,GIB-Dove-1962-003,Gibson,Dove,1962,,6,0,0,0,0,0,0,0,0,0,0,0,1,0,0,0,True,2021-07-20,11130.0,"Early Dove, maple"
vg_guide,GIB-Dove-1963-004,Gibson,Dove,1963,,4,0,0,0,0,0,0,0,0,0,0,0,1,0,0,0,True,2023-03-14,10530.0,"Early Dove, maple"
vg_guide,GIB-Dove-1965-005,Gibson,Dove,1965,,4,0,0,1,0,0,0,0,1,0,0,0,0,0,0,0,True,2024-02-08,12280.0,"Early Dove, maple"
vg_guide,GIB-Dove-1965-006,Gibson,Dove,1965,,5,1,0,0,0,1,0,1,0,0,0,0,0,0,0,0,True,2021-06-24,9600.0,"Early Dove, maple"
vg_guide,GIB-Dove-1963-007,Gibson,Dove,1963,,5,0,0,0,0,0,0,0,0,0,0,0,1,0,0,0,True,2022-10-17,13400.0,"Early Dove, maple"
vg_guide,GIB-Dove-1964-008,Gibson,Dove,1964,,4,0,0,0,0,0,0,0,0,0,0,0,1,0,0,0,True,2023-04-23,13240.0,"Early Dove, maple"
vg_guide,GIB-Dove-1963-009,Gibson,Dove,1963,,6,0,0,0,0,0,0,0,0,0,0,0,1,0,0,0,True,2022-01-16,14110.0,"Early Dove, maple"
vg_guide,GIB-Dove-1964-010,Gibson,Dove,1964,,6,0,0,0,0,0,0,1,0,0,0,0,1,0,0,0,True,2023-02-09,14350.0,"Early Dove, maple"
vg_guide,GIB-Dove-1962-011,Gibson,Dove,1962,,4,0,0,0,0,0,0,1,0,0,0,0,0,0,0,0,True,2021-10-11,14440.0,"Early Dove, maple"
vg_guide,GIB-Dove-1974-000,Gibson,Dove,1974,,4,0,0,0,1,0,0,1,0,1,0,0,1,0,0,0,True,2021-06-19,4240.0,
vg_guide,GIB-Dove-1970-001,Gibson,Dove,1970,,4,0,0,1,0,0,0,1,0,0,0,0,1,0,0,0,True,2023-10-25,7480.0,
vg_guide,GIB-Dove-1972-002,Gibson,Dove,1972,,4,0,0,0,0,0,0,1,1,0,0,0,0,0,0,0,True,2024-04-18,7530.0,
vg_guide,GIB-Dove-1970-003,Gibson,Dove,1970,,5,0,0,0,0,0,0,0,0,0,0,0,1,0,0,0,True,2024-01-27,6400.0,
vg_guide,GIB-Dove-1966-004,Gibson,Dove,1966,,6,0,0,1,0,0,0,0,0,0,0,0,1,0,0,0,True,2023-02-22,8060.0,
vg_guide,GIB-Dove-1972-005,Gibson,Dove,1972,,5,0,0,1,0,0,0,0,0,0,0,0,1,0,0,0,True,2021-06-25,7910.0,
vg_guide,GIB-Dove-1968-006,Gibson,Dove,1968,,6,0,0,0,1,0,0,0,0,0,0,0,1,0,0,0,True,2022-08-19,7440.0,
vg_guide,GIB-Dove-1972-007,Gibson,Dove,1972,,5,0,0,0,0,0,0,0,1,0,0,0,0,0,0,0,True,2022-12-03,5750.0,
vg_guide,GIB-Dove-1975-008,Gibson,Dove,1975,,4,1,0,1,0,0,0,0,0,0,0,0,1,0,0,0,True,2022-03-31,3830.0,
vg_guide,GIB-Dove-1969-009,Gibson,Dove,1969,,4,0,0,0,0,1,0,0,0,0,0,0,1,0,0,0,True,2021-12-15,4180.0,
vg_guide,GIB-Dove-1971-010,Gibson,Dove,1971,,5,0,0,0,0,0,0,0,0,0,0,0,0,0,0,0,True,2021-06-22,7610.0,
vg_guide,GIB-Dove-1966-011,Gibson,Dove,1966,,6,0,0,0,0,0,0,1,0,1,0,0,0,0,0,0,True,2024-02-22,4150.0,
vg_guide,GIB-Dove-1999-000,Gibson,Dove,1999,,6,0,1,0,1,0,0,1,0,0,0,0,0,0,0,0,True,2023-10-14,1550.0,
vg_guide,GIB-Dove-2007-001,Gibson,Dove,2007,,5,0,0,0,0,0,0,0,0,0,0,0,1,0,0,0,True,2023-07-02,2990.0,
vg_guide,GIB-Dove-1993-002,Gibson,Dove,1993,,7,0,0,0,0,0,0,0,0,0,0,0,1,0,0,0,True,2023-06-18,3100.0,
vg_guide,GIB-Dove-1994-003,Gibson,Dove,1994,,5,0,0,0,0,0,0,0,0,0,0,0,0,1,0,0,True,2023-09-06,3760.0,
vg_guide,GIB-Dove-1998-004,Gibson,Dove,1998,,5,0,1,0,0,0,0,0,0,0,0,0,1,1,0,0,True,2023-12-22,1710.0,
vg_guide,GIB-Dove-2007-005,Gibson,Dove,2007,,6,0,1,1,0,0,0,0,1,0,0,0,0,0,0,0,True,2022-09-29,1730.0,
vg_guide,GIB-Dove-1993-006,Gibson,Dove,1993,,6,0,0,0,0,0,0,0,0,0,0,0,1,0,0,0,True,2022-05-26,4110.0,
vg_guide,GIB-Dove-1999-007,Gibson,Dove,1999,,6,0,0,0,0,0,0,0,0,0,0,0,1,0,0,0,True,2021-06-18,2950.0,
vg_guide,GIB-Dove-1996-008,Gibson,Dove,1996,,7,0,0,1,0,0,0,0,0,0,0,0,0,0,0,0,True,2022-01-09,2300.0,
vg_guide,GIB-Dove-2006-009,Gibson,Dove,2006,,7,0,0,0,0,0,0,0,0,0,0,0,1,1,0,0,True,2022-10-16,4110.0,
vg_guide,GIB-L-00-1932-000,Gibson,L-00,1932,,5,1,0,0,0,0,0,0,0,0,0,0,0,0,1,0,True,2024-05-09,4200.0,Pre-war L-00 small body
vg_guide,GIB-L-00-1933-001,Gibson,L-00,1933,,5,0,0,0,0,0,0,0,0,0,0,0,0,0,0,0,True,2023-05-01,4700.0,Pre-war L-00 small body
vg_guide,GIB-L-00-1939-002,Gibson,L-00,1939,,4,0,0,0,0,0,0,0,0,0,0,0,0,0,1,0,True,2021-06-30,6080.0,Pre-war L-00 small body
vg_guide,GIB-L-00-1940-003,Gibson,L-00,1940,,4,0,0,0,0,0,0,0,0,1,0,0,0,0,0,0,True,2021-06-03,3680.0,Pre-war L-00 small body
vg_guide,GIB-L-00-1941-004,Gibson,L-00,1941,,4,0,0,1,0,0,0,1,0,0,0,0,0,0,1,0,True,2022-09-21,6960.0,Pre-war L-00 small body
vg_guide,GIB-L-00-1932-005,Gibson,L-00,1932,,4,0,0,0,0,0,0,1,0,0,0,0,1,0,0,0,True,2022-08-01,7370.0,Pre-war L-00 small body
vg_guide,GIB-L-00-1940-006,Gibson,L-00,1940,,6,1,0,0,1,0,0,0,0,1,0,0,1,0,1,0,True,2023-12-06,4260.0,Pre-war L-00 small body
vg_guide,GIB-L-00-1942-007,Gibson,L-00,1942,,6,0,0,0,0,0,0,0,0,0,0,0,1,0,0,0,True,2023-10-05,4890.0,Pre-war L-00 small body
vg_guide,GIB-L-00-1933-008,Gibson,L-00,1933,,4,0,0,0,0,0,0,1,0,0,0,0,1,0,1,0,True,2023-06-17,7550.0,Pre-war L-00 small body
vg_guide,GIB-L-00-1939-009,Gibson,L-00,1939,,4,0,0,1,0,0,0,0,0,0,0,0,0,0,0,0,True,2021-12-01,4020.0,Pre-war L-00 small body
vg_guide,GIB-L-00-1942-010,Gibson,L-00,1942,,6,0,0,1,0,0,0,0,0,0,0,0,0,0,0,0,True,2021-10-22,3810.0,Pre-war L-00 small body
vg_guide,GIB-L-00-1934-011,Gibson,L-00,1934,,6,0,0,0,0,1,0,0,0,0,0,0,1,0,1,0,True,2023-10-14,4110.0,Pre-war L-00 small body
vg_guide,GIB-L-00-1937-012,Gibson,L-00,1937,,6,0,0,1,0,0,0,1,1,0,0,0,1,0,1,0,True,2022-02-06,5670.0,Pre-war L-00 small body
vg_guide,GIB-L-00-1939-013,Gibson,L-00,1939,,5,1,0,0,0,0,0,0,0,0,0,0,0,0,0,0,True,2023-12-25,2630.0,Pre-war L-00 small body
vg_guide,GIB-L-00-1933-014,Gibson,L-00,1933,,6,0,0,0,0,0,0,0,0,0,0,0,1,0,1,0,True,2022-04-17,6060.0,Pre-war L-00 small body
vg_guide,GIB-L-00-1935-015,Gibson,L-00,1935,,4,0,1,1,1,0,0,1,0,0,0,0,0,0,1,0,True,2023-04-28,3610.0,Pre-war L-00 small body
vg_guide,GIB-L-00-1942-016,Gibson,L-00,1942,,5,0,0,0,0,0,0,1,0,0,0,0,0,0,0,0,True,2022-10-08,7170.0,Pre-war L-00 small body
vg_guide,GIB-L-00-1932-017,Gibson,L-00,1932,,4,0,0,0,0,0,0,0,0,0,0,0,1,0,1,0,True,2022-04-10,6500.0,Pre-war L-00 small body
vg_guide,GIB-LG-2-1944-000,Gibson,LG-2,1944,,5,0,0,0,0,1,0,1,0,0,0,0,0,0,0,0,True,2024-04-30,3510.0,
vg_guide,GIB-LG-2-1948-001,Gibson,LG-2,1948,,4,0,0,0,0,0,0,0,0,0,0,0,1,0,0,0,True,2021-11-23,3910.0,
vg_guide,GIB-LG-2-1948-002,Gibson,LG-2,1948,,6,0,0,0,0,1,0,0,0,1,0,0,0,0,0,0,True,2021-09-16,2640.0,
vg_guide,GIB-LG-2-1949-003,Gibson,LG-2,1949,,6,0,0,0,0,0,0,0,0,0,0,0,1,0,0,0,True,2023-01-16,3890.0,
vg_guide,GIB-LG-2-1943-004,Gibson,LG-2,1943,,6,0,1,0,0,0,0,0,0,0,0,0,1,0,0,0,True,2022-07-24,3240.0,
vg_guide,GIB-LG-2-1946-005,Gibson,LG-2,1946,,5,0,0,0,0,0,0,0,0,0,0,0,0,0,0,0,True,2022-10-13,4090.0,
vg_guide,GIB-LG-2-1946-006,Gibson,LG-2,1946,,5,0,0,1,0,0,0,0,0,1,0,0,0,0,0,0,True,2023-06-10,3220.0,
vg_guide,GIB-LG-2-1949-007,Gibson,LG-2,1949,,5,0,0,0,0,0,0,0,0,0,0,0,0,0,0,0,True,2023-07-22,6330.0,
vg_guide,GIB-LG-2-1948-008,Gibson,LG-2,1948,,5,0,0,0,0,0,0,0,0,0,0,0,0,0,0,0,True,2023-06-24,4330.0,
vg_guide,GIB-LG-2-1949-009,Gibson,LG-2,1949,,6,0,0,0,0,0,0,0,0,0,0,0,1,0,0,0,True,2021-11-25,7020.0,
vg_guide,GIB-LG-2-1942-010,Gibson,LG-2,1942,,4,0,0,0,0,0,0,0,0,0,0,0,0,0,0,0,True,2022-03-23,6710.0,
vg_guide,GIB-LG-2-1945-011,Gibson,LG-2,1945,,6,0,0,0,0,1,0,1,1,1,0,0,1,0,0,0,True,2022-02-10,4280.0,
vg_guide,GIB-LG-2-1949-012,Gibson,LG-2,1949,,5,0,1,1,0,0,0,0,0,0,0,0,1,0,0,0,True,2023-09-26,2420.0,
vg_guide,GIB-LG-2-1944-013,Gibson,LG-2,1944,,5,0,0,0,0,0,0,0,0,0,0,0,0,0,0,0,True,2021-11-16,5800.0,
vg_guide,GIB-LG-2-1956-000,Gibson,LG-2,1956,,6,0,0,1,0,1,0,1,0,0,0,0,1,1,0,0,True,2022-12-07,4750.0,
vg_guide,GIB-LG-2-1953-001,Gibson,LG-2,1953,,6,0,0,0,0,0,0,1,1,0,0,0,1,0,0,0,True,2024-03-22,3780.0,
vg_guide,GIB-LG-2-1954-002,Gibson,LG-2,1954,,5,0,1,1,0,0,0,0,0,0,0,0,0,0,0,0,True,2024-05-25,1570.0,
vg_guide,GIB-LG-2-1957-003,Gibson,LG-2,1957,,5,0,0,0,1,0,0,0,0,0,0,0,0,0,0,0,True,2022-05-28,3700.0,
vg_guide,GIB-LG-2-1950-004,Gibson,LG-2,1950,,6,0,0,0,0,0,0,0,0,0,0,0,1,0,0,0,True,2024-03-13,5660.0,
vg_guide,GIB-LG-2-1954-005,Gibson,LG-2,1954,,6,1,0,0,0,1,0,0,0,1,0,0,0,1,0,0,True,2023-01-30,2020.0,
vg_guide,GIB-LG-2-1958-006,Gibson,LG-2,1958,,6,0,0,0,1,1,0,1,1,0,0,0,0,0,0,0,True,2023-10-03,2820.0,
vg_guide,GIB-LG-2-1958-007,Gibson,LG-2,1958,,5,0,0,0,1,1,0,1,0,0,0,0,1,0,0,0,True,2024-02-29,4500.0,
vg_guide,GIB-LG-2-1950-008,Gibson,LG-2,1950,,4,0,0,0,0,0,0,1,1,0,0,0,0,0,0,0,True,2023-03-08,4280.0,
vg_guide,GIB-LG-2-1955-009,Gibson,LG-2,1955,,6,0,0,1,0,0,0,1,0,0,0,0,0,0,0,0,True,2022-07-15,4630.0,
vg_guide,GIB-LG-2-1962-010,Gibson,LG-2,1962,,5,0,0,0,1,0,0,1,0,0,0,0,1,0,0,0,True,2023-07-14,3120.0,
vg_guide,GIB-LG-2-1950-011,Gibson,LG-2,1950,,4,1,0,0,0,0,0,0,0,0,0,0,0,0,0,0,True,2022-11-25,2300.0,
vg_guide,GIB-LG-2-1952-012,Gibson,LG-2,1952,,6,0,0,1,0,0,0,1,0,0,0,0,0,0,0,0,True,2023-05-05,4670.0,
vg_guide,GIB-LG-2-1951-013,Gibson,LG-2,1951,,6,0,0,0,0,0,0,0,0,0,0,0,1,0,0,0,True,2021-10-04,3890.0,
vg_guide,GIB-LG-2-1950-014,Gibson,LG-2,1950,,4,0,0,0,0,0,0,1,1,0,0,0,1,1,0,0,True,2023-06-07,4440.0,
vg_guide,GIB-LG-2-1958-015,Gibson,LG-2,1958,,4,0,0,0,0,0,0,1,0,0,0,0,1,0,0,0,True,2023-02-21,3080.0,
vg_guide,GIB-LG-2-1953-016,Gibson,LG-2,1953,,5,1,1,0,0,0,0,0,0,0,0,0,0,0,0,0,True,2021-11-07,2000.0,
vg_guide,GIB-LG-2-1954-017,Gibson,LG-2,1954,,4,1,0,1,0,0,0,0,0,0,0,0,0,0,0,0,True,2022-10-06,2590.0,
vg_guide,GIB-LG-1-1960-000,Gibson,LG-1,1960,,4,0,0,0,0,0,0,0,0,0,0,0,1,0,0,0,True,2024-05-03,2870.0,"Ladder-braced LG-1, lower-end small body"
vg_guide,GIB-LG-1-1953-001,Gibson,LG-1,1953,,4,0,0,1,0,1,0,0,1,0,0,0,0,0,0,0,True,2021-10-12,1970.0,"Ladder-braced LG-1, lower-end small body"
vg_guide,GIB-LG-1-1956-002,Gibson,LG-1,1956,,6,0,0,0,0,0,0,0,1,0,0,0,0,0,0,0,True,2023-09-04,2480.0,"Ladder-braced LG-1, lower-end small body"
vg_guide,GIB-LG-1-1951-003,Gibson,LG-1,1951,,3,0,0,0,1,0,0,1,0,0,0,0,0,0,0,0,True,2022-02-22,2430.0,"Ladder-braced LG-1, lower-end small body"
vg_guide,GIB-LG-1-1960-004,Gibson,LG-1,1960,,6,1,0,0,0,0,0,0,0,0,0,0,0,0,0,0,True,2023-04-04,2100.0,"Ladder-braced LG-1, lower-end small body"
vg_guide,GIB-LG-1-1955-005,Gibson,LG-1,1955,,3,0,1,0,0,0,0,0,1,0,0,0,1,0,0,0,True,2024-01-16,1440.0,"Ladder-braced LG-1, lower-end small body"
vg_guide,GIB-LG-1-1952-006,Gibson,LG-1,1952,,5,1,0,0,0,0,0,0,0,0,0,0,1,0,0,0,True,2022-06-10,1590.0,"Ladder-braced LG-1, lower-end small body"
vg_guide,GIB-LG-1-1956-007,Gibson,LG-1,1956,,5,0,0,0,0,0,0,0,0,0,0,0,1,0,0,0,True,2021-11-19,1950.0,"Ladder-braced LG-1, lower-end small body"
vg_guide,GIB-LG-1-1961-008,Gibson,LG-1,1961,,3,0,0,1,0,0,0,0,1,0,0,0,1,0,0,0,True,2023-08-03,2070.0,"Ladder-braced LG-1, lower-end small body"
vg_guide,GIB-LG-1-1958-009,Gibson,LG-1,1958,,3,0,0,0,0,1,0,0,0,0,0,0,1,0,0,0,True,2023-02-12,2080.0,"Ladder-braced LG-1, lower-end small body"
vg_guide,GIB-LG-1-1955-010,Gibson,LG-1,1955,,6,0,0,0,0,0,0,1,0,0,0,0,0,0,0,0,True,2022-09-13,2780.0,"Ladder-braced LG-1, lower-end small body"
vg_guide,GIB-LG-1-1957-011,Gibson,LG-1,1957,,5,0,0,0,1,0,0,0,0,0,0,0,1,0,0,0,True,2023-06-08,3300.0,"Ladder-braced LG-1, lower-end small body"
vg_guide,GIB-LG-1-1960-012,Gibson,LG-1,1960,,4,1,0,0,0,0,0,1,0,0,0,0,0,0,0,0,True,2022-06-28,1450.0,"Ladder-braced LG-1, lower-end small body"
vg_guide,GIB-LG-1-1952-013,Gibson,LG-1,1952,,5,1,0,0,0,0,0,0,0,0,0,0,0,0,0,0,True,2021-07-28,1400.0,"Ladder-braced LG-1, lower-end small body"
vg_guide,GIB-B-25-1969-000,Gibson,B-25,1969,,5,0,0,0,0,0,0,0,0,0,0,0,0,0,0,0,True,2021-09-25,3150.0,
vg_guide,GIB-B-25-1970-001,Gibson,B-25,1970,,3,0,0,1,1,0,0,1,0,0,0,0,0,0,0,0,True,2022-11-10,1880.0,
vg_guide,GIB-B-25-1969-002,Gibson,B-25,1969,,3,0,0,0,1,0,0,0,0,0,0,0,1,0,0,0,True,2022-01-08,3030.0,
vg_guide,GIB-B-25-1966-003,Gibson,B-25,1966,,5,0,0,0,0,0,0,0,0,0,0,0,0,0,0,0,True,2022-01-15,2100.0,
vg_guide,GIB-B-25-1963-004,Gibson,B-25,1963,,4,0,0,1,0,0,0,0,0,0,0,0,0,0,0,0,True,2022-11-20,1850.0,
vg_guide,GIB-B-25-1964-005,Gibson,B-25,1964,,4,0,1,0,0,0,0,0,0,0,0,0,0,0,0,0,True,2024-04-08,1000.0,
vg_guide,GIB-B-25-1966-006,Gibson,B-25,1966,,6,0,0,0,0,0,0,0,1,0,0,0,1,0,0,0,True,2024-01-17,1670.0,
vg_guide,GIB-B-25-1969-007,Gibson,B-25,1969,,6,0,0,1,0,0,0,1,0,0,0,0,1,0,0,0,True,2024-02-03,3070.0,
vg_guide,GIB-B-25-1964-008,Gibson,B-25,1964,,5,0,0,0,0,0,0,0,0,0,0,0,1,0,0,0,True,2023-05-23,1830.0,
vg_guide,GIB-B-25-1964-009,Gibson,B-25,1964,,5,0,0,0,0,0,0,1,1,0,0,0,0,0,0,0,True,2024-05-06,2830.0,
vg_guide,GIB-B-25-1969-010,Gibson,B-25,1969,,6,0,0,0,0,0,0,0,0,0,0,0,1,0,0,0,True,2021-06-21,2140.0,
vg_guide,GIB-B-25-1963-011,Gibson,B-25,1963,,6,1,0,0,0,0,0,0,0,0,0,0,0,0,0,0,True,2021-06-26,1600.0,
vg_guide,GIB-J-160E-1958-000,Gibson,J-160E,1958,,4,1,0,0,0,0,0,1,0,0,0,0,1,0,0,0,True,2023-10-17,5660.0,"Acoustic-electric, P-90 era"
vg_guide,GIB-J-160E-1960-001,Gibson,J-160E,1960,,4,1,0,0,0,1,0,0,1,0,0,0,0,0,0,0,True,2023-11-17,3150.0,"Acoustic-electric, P-90 era"
vg_guide,GIB-J-160E-1957-002,Gibson,J-160E,1957,,6,0,0,0,0,0,0,0,0,0,0,0,1,0,0,0,True,2021-08-11,8810.0,"Acoustic-electric, P-90 era"
vg_guide,GIB-J-160E-1962-003,Gibson,J-160E,1962,,6,0,0,0,0,1,0,0,0,0,0,0,0,0,0,0,True,2023-11-12,4230.0,"Acoustic-electric, P-90 era"
vg_guide,GIB-J-160E-1961-004,Gibson,J-160E,1961,,5,0,0,0,0,0,0,1,0,0,0,0,0,0,0,0,True,2022-08-28,7640.0,"Acoustic-electric, P-90 era"
vg_guide,GIB-J-160E-1956-005,Gibson,J-160E,1956,,5,0,1,0,1,0,0,1,0,0,0,0,0,0,0,0,True,2021-12-05,4060.0,"Acoustic-electric, P-90 era"
vg_guide,GIB-J-160E-1960-006,Gibson,J-160E,1960,,4,0,0,0,1,0,0,0,0,0,0,0,0,0,0,0,True,2021-06-27,7770.0,"Acoustic-electric, P-90 era"
vg_guide,GIB-J-160E-1956-007,Gibson,J-160E,1956,,5,0,0,0,1,0,0,1,0,0,0,0,1,0,0,0,True,2022-02-25,6040.0,"Acoustic-electric, P-90 era"
vg_guide,GIB-J-160E-1961-008,Gibson,J-160E,1961,,5,0,0,0,0,0,0,0,0,0,0,0,0,0,0,0,True,2021-09-13,7940.0,"Acoustic-electric, P-90 era"
vg_guide,GIB-J-160E-1961-009,Gibson,J-160E,1961,,4,0,0,1,0,1,0,0,0,0,0,0,1,0,0,0,True,2023-06-01,4580.0,"Acoustic-electric, P-90 era"
vg_guide,GIB-J-160E-1956-010,Gibson,J-160E,1956,,5,1,0,0,0,0,0,0,0,0,0,0,1,0,0,0,True,2022-12-14,5260.0,"Acoustic-electric, P-90 era"
vg_guide,GIB-J-160E-1962-011,Gibson,J-160E,1962,,6,0,0,1,0,1,0,0,0,0,0,0,0,0,0,0,True,2023-06-05,4030.0,"Acoustic-electric, P-90 era"
vg_guide,GIB-J-160E-1969-000,Gibson,J-160E,1969,,6,0,0,0,0,0,0,0,0,0,0,0,1,0,0,0,True,2021-10-13,3510.0,
vg_guide,GIB-J-160E-1973-001,Gibson,J-160E,1973,,4,0,0,0,0,1,0,0,0,1,0,0,0,0,0,0,True,2022-05-13,2980.0,
vg_guide,GIB-J-160E-1965-002,Gibson,J-160E,1965,,6,1,0,0,0,0,0,0,0,0,0,0,1,0,0,0,True,2024-01-19,2780.0,
vg_guide,GIB-J-160E-1967-003,Gibson,J-160E,1967,,4,1,0,0,0,1,0,0,1,0,0,0,0,0,0,0,True,2022-08-23,2540.0,
vg_guide,GIB-J-160E-1974-004,Gibson,J-160E,1974,,4,0,0,0,0,0,0,1,0,0,0,0,0,0,0,0,True,2021-12-22,5020.0,
vg_guide,GIB-J-160E-1966-005,Gibson,J-160E,1966,,6,0,0,0,0,0,0,0,0,0,0,0,1,0,0,0,True,2022-07-13,3640.0,
vg_guide,GIB-J-160E-1973-006,Gibson,J-160E,1973,,5,0,0,0,0,0,0,0,0,0,0,0,1,0,0,0,True,2023-01-04,4190.0,
vg_guide,GIB-J-160E-1973-007,Gibson,J-160E,1973,,4,0,0,0,0,0,0,0,0,0,0,0,1,0,0,0,True,2021-06-06,5360.0,
vg_guide,GIB-J-160E-1971-008,Gibson,J-160E,1971,,6,1,0,0,0,0,0,0,0,0,0,0,1,0,0,0,True,2024-01-22,3470.0,
vg_guide,GIB-J-160E-1969-009,Gibson,J-160E,1969,,5,0,0,1,0,0,0,0,0,0,0,0,0,0,0,0,True,2021-12-21,4620.0,
vg_guide,GIB-AdvancedJumbo-1937-000,Gibson,Advanced Jumbo,1937,,4,1,0,0,0,0,0,0,1,0,0,0,0,0,0,0,True,2024-02-09,30310.0,"Pre-war Advanced Jumbo — apex Gibson acoustic, rosewood back/sides"
vg_guide,GIB-AdvancedJumbo-1936-001,Gibson,Advanced Jumbo,1936,,5,0,0,0,0,0,0,0,0,0,0,0,0,0,0,0,True,2023-09-28,71900.0,"Pre-war Advanced Jumbo — apex Gibson acoustic, rosewood back/sides"
vg_guide,GIB-AdvancedJumbo-1940-002,Gibson,Advanced Jumbo,1940,,5,1,0,0,0,0,0,1,0,0,0,0,0,0,1,0,True,2022-01-17,35940.0,"Pre-war Advanced Jumbo — apex Gibson acoustic, rosewood back/sides"
vg_guide,GIB-AdvancedJumbo-1938-003,Gibson,Advanced Jumbo,1938,,5,0,0,0,1,0,0,0,0,0,0,0,1,0,0,0,True,2022-11-11,54840.0,"Pre-war Advanced Jumbo — apex Gibson acoustic, rosewood back/sides"
vg_guide,GIB-AdvancedJumbo-1938-004,Gibson,Advanced Jumbo,1938,,5,0,0,0,0,0,0,0,0,0,0,0,0,0,0,0,True,2022-04-06,45630.0,"Pre-war Advanced Jumbo — apex Gibson acoustic, rosewood back/sides"
vg_guide,GIB-AdvancedJumbo-1936-005,Gibson,Advanced Jumbo,1936,,6,0,0,0,0,0,0,0,0,0,0,0,0,0,1,0,True,2023-02-05,71010.0,"Pre-war Advanced Jumbo — apex Gibson acoustic, rosewood back/sides"
vg_guide,GIB-NickLucas-1935-000,Gibson,Nick Lucas,1935,,6,0,0,0,1,0,0,0,0,0,0,0,0,0,0,0,True,2022-07-21,5660.0,Nick Lucas Special — early Gibson flat-top
vg_guide,GIB-NickLucas-1930-001,Gibson,Nick Lucas,1930,,6,1,0,0,0,0,0,0,0,0,0,0,1,0,1,0,True,2023-05-22,4190.0,Nick Lucas Special — early Gibson flat-top
vg_guide,GIB-NickLucas-1934-002,Gibson,Nick Lucas,1934,,4,0,0,0,0,0,0,0,0,0,0,0,1,0,0,0,True,2022-02-12,7870.0,Nick Lucas Special — early Gibson flat-top
vg_guide,GIB-NickLucas-1930-003,Gibson,Nick Lucas,1930,,5,0,0,1,0,0,0,1,0,0,0,0,1,1,0,0,True,2023-02-28,5530.0,Nick Lucas Special — early Gibson flat-top
vg_guide,GIB-NickLucas-1937-004,Gibson,Nick Lucas,1937,,6,1,0,0,1,0,0,1,0,0,0,0,1,0,1,0,True,2022-05-10,3780.0,Nick Lucas Special — early Gibson flat-top
vg_guide,GIB-NickLucas-1936-005,Gibson,Nick Lucas,1936,,5,0,0,0,0,0,0,0,0,0,0,0,0,0,1,0,True,2021-08-24,8370.0,Nick Lucas Special — early Gibson flat-top
vg_guide,GIB-NickLucas-1931-006,Gibson,Nick Lucas,1931,,5,1,0,1,0,0,0,1,0,0,0,0,1,0,0,0,True,2021-11-06,5860.0,Nick Lucas Special — early Gibson flat-top
vg_guide,GIB-NickLucas-1934-007,Gibson,Nick Lucas,1934,,6,0,0,1,0,0,0,0,1,0,0,0,1,0,0,0,True,2022-06-07,5440.0,Nick Lucas Special — early Gibson flat-top
vg_guide,GIB-NickLucas-1937-008,Gibson,Nick Lucas,1937,,6,1,0,0,0,0,0,0,0,0,0,0,1,0,0,0,True,2023-05-31,5940.0,Nick Lucas Special — early Gibson flat-top
vg_guide,GIB-NickLucas-1935-009,Gibson,Nick Lucas,1935,,4,0,0,0,0,0,0,0,0,0,0,0,1,0,0,0,True,2022-05-25,5100.0,Nick Lucas Special — early Gibson flat-top
vg_guide,MAR-D-28-1941-000,Martin,D-28,1941,,6,0,0,0,1,0,0,1,0,0,0,0,1,1,0,0,True,2024-02-14,72470.0,"Pre-war Brazilian rosewood D-28, apex Martin"
vg_guide,MAR-D-28-1939-001,Martin,D-28,1939,,4,1,0,0,0,0,0,0,0,0,0,0,0,0,0,0,True,2021-11-07,50110.0,"Pre-war Brazilian rosewood D-28, apex Martin"
vg_guide,MAR-D-28-1939-002,Martin,D-28,1939,,4,0,0,0,0,0,0,0,0,0,0,0,1,0,0,0,True,2024-05-24,79800.0,"Pre-war Brazilian rosewood D-28, apex Martin"
vg_guide,MAR-D-28-1943-003,Martin,D-28,1943,,4,0,0,0,0,0,0,0,0,0,0,0,1,0,0,0,True,2023-10-28,74480.0,"Pre-war Brazilian rosewood D-28, apex Martin"
vg_guide,MAR-D-28-1938-004,Martin,D-28,1938,,5,0,0,0,1,0,0,0,0,0,0,0,0,0,0,0,True,2022-08-06,94430.0,"Pre-war Brazilian rosewood D-28, apex Martin"
vg_guide,MAR-D-28-1939-005,Martin,D-28,1939,,4,0,0,0,0,0,0,0,0,0,0,0,1,0,0,0,True,2023-01-27,106260.0,"Pre-war Brazilian rosewood D-28, apex Martin"
vg_guide,MAR-D-28-1938-006,Martin,D-28,1938,,4,1,0,0,0,0,0,0,0,0,0,0,0,0,0,0,True,2022-09-05,61570.0,"Pre-war Brazilian rosewood D-28, apex Martin"
vg_guide,MAR-D-28-1942-007,Martin,D-28,1942,,6,0,0,0,0,0,0,0,0,0,0,0,1,0,0,0,True,2022-05-09,66750.0,"Pre-war Brazilian rosewood D-28, apex Martin"
vg_guide,MAR-D-28-1951-000,Martin,D-28,1951,,4,0,0,0,1,0,0,0,0,0,0,0,1,1,0,0,True,2022-10-15,12000.0,
vg_guide,MAR-D-28-1952-001,Martin,D-28,1952,,5,1,0,0,0,1,0,0,1,0,0,0,0,0,0,0,True,2023-10-25,8150.0,
vg_guide,MAR-D-28-1952-002,Martin,D-28,1952,,6,0,0,0,1,0,0,1,0,0,0,0,1,0,0,0,True,2022-03-20,20460.0,
vg_guide,MAR-D-28-1949-003,Martin,D-28,1949,,5,0,0,0,0,0,0,0,0,0,0,0,0,0,0,0,True,2022-12-18,19630.0,
vg_guide,MAR-D-28-1953-004,Martin,D-28,1953,,4,1,0,0,0,0,0,0,0,0,0,0,1,0,0,0,True,2022-05-25,8710.0,
vg_guide,MAR-D-28-1955-005,Martin,D-28,1955,,5,1,0,0,0,0,0,0,0,1,0,0,1,0,0,0,True,2023-08-09,13760.0,
vg_guide,MAR-D-28-1955-006,Martin,D-28,1955,,6,0,0,1,1,0,0,1,0,0,0,0,1,0,0,0,True,2021-10-10,13870.0,
vg_guide,MAR-D-28-1948-007,Martin,D-28,1948,,4,0,0,1,0,0,0,1,0,0,0,0,1,0,0,0,True,2022-10-15,16310.0,
vg_guide,MAR-D-28-1953-008,Martin,D-28,1953,,6,0,0,0,1,0,0,0,1,0,0,0,0,0,0,0,True,2022-12-01,18920.0,
vg_guide,MAR-D-28-1952-009,Martin,D-28,1952,,4,0,0,1,0,0,0,0,0,0,0,0,1,0,0,0,True,2023-03-10,18990.0,
vg_guide,MAR-D-28-1954-010,Martin,D-28,1954,,6,1,0,0,0,0,0,0,0,0,0,0,1,0,0,0,True,2023-07-06,14810.0,
vg_guide,MAR-D-28-1946-011,Martin,D-28,1946,,6,0,0,0,0,0,0,0,0,0,0,0,1,0,0,0,True,2024-04-25,18830.0,
vg_guide,MAR-D-28-1955-012,Martin,D-28,1955,,4,0,0,0,1,0,0,0,0,0,0,0,1,0,0,0,True,2022-07-06,13670.0,
vg_guide,MAR-D-28-1953-013,Martin,D-28,1953,,5,0,0,1,1,0,0,0,0,0,0,0,0,0,0,0,True,2023-10-18,22000.0,
vg_guide,MAR-D-28-1954-014,Martin,D-28,1954,,4,1,0,0,0,0,0,0,0,0,0,0,1,0,0,0,True,2021-07-31,16370.0,
vg_guide,MAR-D-28-1947-015,Martin,D-28,1947,,6,0,0,0,0,0,0,0,1,0,0,0,1,0,0,0,True,2022-10-23,16370.0,
vg_guide,MAR-D-28-1961-000,Martin,D-28,1961,,6,0,0,0,0,0,0,0,0,0,0,0,0,0,0,0,True,2022-02-14,13280.0,Brazilian rosewood through 1969
vg_guide,MAR-D-28-1964-001,Martin,D-28,1964,,6,1,1,0,0,0,0,0,1,0,0,0,1,0,0,0,True,2023-07-01,3970.0,Brazilian rosewood through 1969
vg_guide,MAR-D-28-1956-002,Martin,D-28,1956,,6,0,0,0,0,0,0,0,0,0,0,0,0,0,0,0,True,2022-09-17,14460.0,Brazilian rosewood through 1969
vg_guide,MAR-D-28-1961-003,Martin,D-28,1961,,4,0,0,0,0,0,0,0,0,0,0,0,0,0,0,0,True,2021-12-09,13790.0,Brazilian rosewood through 1969
vg_guide,MAR-D-28-1968-004,Martin,D-28,1968,,6,0,1,0,0,0,0,1,0,0,0,0,1,0,0,0,True,2022-10-29,6140.0,Brazilian rosewood through 1969
vg_guide,MAR-D-28-1960-005,Martin,D-28,1960,,6,0,0,0,0,0,0,1,0,0,0,0,1,1,0,0,True,2021-08-02,10700.0,Brazilian rosewood through 1969
vg_guide,MAR-D-28-1961-006,Martin,D-28,1961,,5,0,0,1,0,0,0,0,0,0,0,0,1,0,0,0,True,2021-06-05,12760.0,Brazilian rosewood through 1969
vg_guide,MAR-D-28-1960-007,Martin,D-28,1960,,5,0,0,0,0,0,0,0,1,0,0,0,0,0,0,0,True,2022-05-24,12040.0,Brazilian rosewood through 1969
vg_guide,MAR-D-28-1962-008,Martin,D-28,1962,,5,1,0,0,0,0,0,0,0,0,0,0,0,0,0,0,True,2022-03-16,6000.0,Brazilian rosewood through 1969
vg_guide,MAR-D-28-1966-009,Martin,D-28,1966,,5,0,0,0,1,0,0,0,0,0,0,0,0,0,0,0,True,2021-07-16,13930.0,Brazilian rosewood through 1969
vg_guide,MAR-D-28-1959-010,Martin,D-28,1959,,5,0,0,0,0,0,0,0,0,0,0,0,0,0,0,0,True,2024-03-11,11310.0,Brazilian rosewood through 1969
vg_guide,MAR-D-28-1960-011,Martin,D-28,1960,,5,0,0,0,1,0,0,1,0,0,0,0,0,0,0,0,True,2021-09-04,9410.0,Brazilian rosewood through 1969
vg_guide,MAR-D-28-1957-012,Martin,D-28,1957,,4,0,0,0,0,0,0,0,0,0,0,0,0,0,0,0,True,2021-08-03,10920.0,Brazilian rosewood through 1969
vg_guide,MAR-D-28-1966-013,Martin,D-28,1966,,5,0,0,0,0,1,0,0,0,0,0,0,1,0,0,0,True,2021-12-07,8200.0,Brazilian rosewood through 1969
vg_guide,MAR-D-28-1958-014,Martin,D-28,1958,,6,0,0,0,0,0,0,0,1,0,0,0,0,0,0,0,True,2024-02-14,7760.0,Brazilian rosewood through 1969
vg_guide,MAR-D-28-1968-015,Martin,D-28,1968,,5,1,0,0,0,0,0,1,0,0,0,0,0,0,0,0,True,2021-12-05,8060.0,Brazilian rosewood through 1969
vg_guide,MAR-D-28-1961-016,Martin,D-28,1961,,5,0,0,1,1,0,0,0,0,0,0,0,0,0,0,0,True,2023-11-11,11270.0,Brazilian rosewood through 1969
vg_guide,MAR-D-28-1958-017,Martin,D-28,1958,,5,0,0,1,0,0,0,0,0,0,0,0,0,0,0,0,True,2023-11-12,13380.0,Brazilian rosewood through 1969
vg_guide,MAR-D-28-1975-000,Martin,D-28,1975,,5,0,0,0,0,0,0,0,0,0,0,0,1,0,0,0,True,2023-10-10,3350.0,Indian rosewood era
vg_guide,MAR-D-28-1978-001,Martin,D-28,1978,,5,1,0,1,0,0,0,0,0,0,0,0,0,0,0,0,True,2023-09-18,1840.0,Indian rosewood era
vg_guide,MAR-D-28-1971-002,Martin,D-28,1971,,6,0,0,1,0,0,0,1,0,0,0,0,1,0,0,0,True,2024-03-08,3610.0,Indian rosewood era
vg_guide,MAR-D-28-1979-003,Martin,D-28,1979,,5,0,0,0,0,0,0,0,0,0,0,0,1,0,0,0,True,2023-03-24,3920.0,Indian rosewood era
vg_guide,MAR-D-28-1970-004,Martin,D-28,1970,,4,0,0,1,1,0,0,0,0,0,0,0,1,0,0,0,True,2021-08-03,3810.0,Indian rosewood era
vg_guide,MAR-D-28-1975-005,Martin,D-28,1975,,6,0,0,0,0,1,0,0,0,0,0,0,1,1,0,0,True,2023-09-02,2740.0,Indian rosewood era
vg_guide,MAR-D-28-1977-006,Martin,D-28,1977,,4,0,0,0,0,0,0,0,0,0,0,0,1,0,0,0,True,2023-12-26,4430.0,Indian rosewood era
vg_guide,MAR-D-28-1977-007,Martin,D-28,1977,,6,0,0,0,0,0,0,0,0,0,0,0,1,0,0,0,True,2022-05-05,2830.0,Indian rosewood era
vg_guide,MAR-D-28-1973-008,Martin,D-28,1973,,6,0,0,1,0,0,0,0,0,0,0,0,0,1,0,0,True,2021-08-25,2540.0,Indian rosewood era
vg_guide,MAR-D-28-1977-009,Martin,D-28,1977,,6,0,0,0,0,0,0,1,0,0,0,0,1,0,0,0,True,2023-06-08,4030.0,Indian rosewood era
vg_guide,MAR-D-28-1971-010,Martin,D-28,1971,,4,0,0,0,0,0,0,0,0,0,0,0,1,0,0,0,True,2021-06-06,3110.0,Indian rosewood era
vg_guide,MAR-D-28-1977-011,Martin,D-28,1977,,4,0,1,0,0,0,0,0,0,0,0,0,0,0,0,0,True,2021-10-20,2410.0,Indian rosewood era
vg_guide,MAR-D-28-1970-012,Martin,D-28,1970,,6,0,0,1,0,1,0,0,1,0,0,0,1,0,0,0,True,2023-02-25,2540.0,Indian rosewood era
vg_guide,MAR-D-28-1971-013,Martin,D-28,1971,,4,0,0,1,0,0,0,1,1,0,0,0,1,0,0,0,True,2023-01-06,2830.0,Indian rosewood era
vg_guide,MAR-D-18-1942-000,Martin,D-18,1942,,4,0,0,0,0,0,0,0,1,0,0,0,1,0,0,0,True,2024-01-29,24950.0,"Pre-war D-18, scalloped bracing, Adirondack top"
vg_guide,MAR-D-18-1938-001,Martin,D-18,1938,,4,0,0,0,1,0,0,1,1,0,0,0,1,0,0,0,True,2022-03-02,13530.0,"Pre-war D-18, scalloped bracing, Adirondack top"
vg_guide,MAR-D-18-1940-002,Martin,D-18,1940,,6,0,0,0,0,0,0,0,1,0,0,0,1,0,0,0,True,2024-04-09,24490.0,"Pre-war D-18, scalloped bracing, Adirondack top"
vg_guide,MAR-D-18-1940-003,Martin,D-18,1940,,4,0,0,1,0,0,0,1,0,0,0,0,1,0,0,0,True,2021-12-04,15900.0,"Pre-war D-18, scalloped bracing, Adirondack top"
vg_guide,MAR-D-18-1937-004,Martin,D-18,1937,,4,0,0,0,0,0,0,0,0,0,0,0,1,0,0,0,True,2022-06-30,16260.0,"Pre-war D-18, scalloped bracing, Adirondack top"
vg_guide,MAR-D-18-1939-005,Martin,D-18,1939,,4,0,1,0,0,1,0,0,0,0,0,0,0,0,0,0,True,2023-05-11,8380.0,"Pre-war D-18, scalloped bracing, Adirondack top"
vg_guide,MAR-D-18-1944-006,Martin,D-18,1944,,6,0,0,0,0,0,0,1,1,0,0,0,0,1,0,0,True,2021-08-21,22510.0,"Pre-war D-18, scalloped bracing, Adirondack top"
vg_guide,MAR-D-18-1940-007,Martin,D-18,1940,,6,0,0,0,0,0,0,0,0,0,0,0,1,1,0,0,True,2024-05-19,17740.0,"Pre-war D-18, scalloped bracing, Adirondack top"
vg_guide,MAR-D-18-1937-008,Martin,D-18,1937,,6,0,0,0,1,0,0,0,1,0,0,0,1,0,0,0,True,2022-12-13,14210.0,"Pre-war D-18, scalloped bracing, Adirondack top"
vg_guide,MAR-D-18-1940-009,Martin,D-18,1940,,4,1,0,0,1,0,0,0,0,0,0,0,1,0,0,0,True,2023-03-29,11230.0,"Pre-war D-18, scalloped bracing, Adirondack top"
vg_guide,MAR-D-18-1942-010,Martin,D-18,1942,,6,0,0,0,0,0,0,1,1,0,0,0,0,0,0,0,True,2023-05-10,15580.0,"Pre-war D-18, scalloped bracing, Adirondack top"
vg_guide,MAR-D-18-1942-011,Martin,D-18,1942,,5,0,1,0,0,0,0,0,0,0,0,0,1,0,0,0,True,2024-02-13,12690.0,"Pre-war D-18, scalloped bracing, Adirondack top"
vg_guide,MAR-D-18-1947-000,Martin,D-18,1947,,6,0,0,0,0,0,0,0,1,0,0,0,1,0,0,0,True,2021-07-25,12530.0,
vg_guide,MAR-D-18-1947-001,Martin,D-18,1947,,5,0,0,0,0,0,0,1,0,0,0,0,1,0,0,0,True,2023-04-04,11610.0,
vg_guide,MAR-D-18-1948-002,Martin,D-18,1948,,5,0,0,0,0,0,0,0,1,0,0,0,1,0,0,0,True,2021-07-05,8130.0,
vg_guide,MAR-D-18-1952-003,Martin,D-18,1952,,6,0,0,0,0,0,0,0,0,0,0,0,1,0,0,0,True,2023-12-29,11050.0,
vg_guide,MAR-D-18-1953-004,Martin,D-18,1953,,6,1,0,1,0,0,0,0,0,0,0,0,1,0,0,0,True,2023-01-06,7410.0,
vg_guide,MAR-D-18-1955-005,Martin,D-18,1955,,5,0,0,0,0,0,0,0,0,0,0,0,1,0,0,0,True,2022-06-23,8390.0,
vg_guide,MAR-D-18-1951-006,Martin,D-18,1951,,6,1,0,0,0,0,0,0,0,0,0,0,0,0,0,0,True,2023-02-09,8080.0,
vg_guide,MAR-D-18-1952-007,Martin,D-18,1952,,6,0,0,0,0,0,0,0,0,0,0,0,1,0,0,0,True,2024-04-01,12240.0,
vg_guide,MAR-D-18-1947-008,Martin,D-18,1947,,5,1,0,0,0,0,0,0,0,0,0,0,0,1,0,0,True,2022-09-27,8860.0,
vg_guide,MAR-D-18-1945-009,Martin,D-18,1945,,4,0,0,0,0,0,0,1,0,0,0,0,1,0,0,0,True,2022-03-24,8160.0,
vg_guide,MAR-D-18-1952-010,Martin,D-18,1952,,4,0,0,1,0,0,0,1,0,0,0,0,0,1,0,0,True,2024-04-08,8970.0,
vg_guide,MAR-D-18-1951-011,Martin,D-18,1951,,5,0,0,0,1,0,0,1,0,0,0,0,1,0,0,0,True,2023-10-19,7890.0,
vg_guide,MAR-D-18-1946-012,Martin,D-18,1946,,5,0,0,0,0,0,0,0,0,0,0,0,1,0,0,0,True,2023-04-13,13110.0,
vg_guide,MAR-D-18-1949-013,Martin,D-18,1949,,4,1,0,0,0,0,0,0,0,0,0,0,1,0,0,0,True,2024-03-13,5080.0,
vg_guide,MAR-D-18-1952-014,Martin,D-18,1952,,5,0,0,0,1,0,0,0,0,0,0,0,1,0,0,0,True,2021-11-07,10730.0,
vg_guide,MAR-D-18-1954-015,Martin,D-18,1954,,4,0,0,0,0,0,0,0,0,0,0,0,1,0,0,0,True,2023-03-15,9640.0,
vg_guide,MAR-D-18-1968-000,Martin,D-18,1968,,6,0,0,0,0,1,0,1,0,0,0,0,0,0,0,0,True,2024-04-08,4390.0,
vg_guide,MAR-D-18-1967-001,Martin,D-18,1967,,5,0,0,1,1,0,0,0,0,0,0,0,0,0,0,0,True,2021-09-13,5600.0,
vg_guide,MAR-D-18-1966-002,Martin,D-18,1966,,4,0,0,1,0,0,0,1,0,0,0,0,1,0,0,0,True,2022-03-24,7570.0,
vg_guide,MAR-D-18-1956-003,Martin,D-18,1956,,6,0,0,0,0,0,0,0,0,1,0,0,1,0,0,0,True,2021-06-27,4900.0,
vg_guide,MAR-D-18-1957-004,Martin,D-18,1957,,5,0,1,0,0,0,0,0,0,0,0,0,0,0,0,0,True,2024-04-30,3990.0,
vg_guide,MAR-D-18-1961-005,Martin,D-18,1961,,4,1,0,0,0,0,0,0,0,1,0,0,0,0,0,0,True,2022-08-02,4300.0,
vg_guide,MAR-D-18-1965-006,Martin,D-18,1965,,4,0,0,1,0,1,0,0,1,0,0,0,1,1,0,0,True,2023-03-24,7090.0,
vg_guide,MAR-D-18-1969-007,Martin,D-18,1969,,5,0,0,0,0,0,0,0,0,0,0,0,1,0,0,0,True,2023-06-16,7310.0,
vg_guide,MAR-D-18-1961-008,Martin,D-18,1961,,6,0,0,0,0,0,0,1,0,0,0,0,0,1,0,0,True,2021-09-18,7290.0,
vg_guide,MAR-D-18-1965-009,Martin,D-18,1965,,5,0,0,0,0,0,0,0,0,0,0,0,1,0,0,0,True,2022-01-06,6210.0,
vg_guide,MAR-D-18-1956-010,Martin,D-18,1956,,4,0,0,1,0,0,0,1,0,0,0,0,1,0,0,0,True,2022-07-29,6180.0,
vg_guide,MAR-D-18-1968-011,Martin,D-18,1968,,4,0,0,1,0,0,0,0,0,0,0,0,0,0,0,0,True,2023-01-10,6580.0,
vg_guide,MAR-D-18-1959-012,Martin,D-18,1959,,6,0,0,1,0,0,0,1,0,0,0,0,1,0,0,0,True,2023-04-10,8230.0,
vg_guide,MAR-D-18-1964-013,Martin,D-18,1964,,4,1,0,0,0,0,0,0,0,0,0,0,0,0,0,0,True,2021-11-26,3810.0,
vg_guide,MAR-D-18-1969-014,Martin,D-18,1969,,5,0,0,0,0,0,0,1,0,0,0,0,1,0,0,0,True,2021-09-18,4960.0,
vg_guide,MAR-D-18-1969-015,Martin,D-18,1969,,4,0,0,0,0,0,0,1,0,0,0,0,0,0,0,0,True,2021-09-21,7540.0,
vg_guide,MAR-D-45-1939-000,Martin,D-45,1939,,4,0,0,0,0,0,0,0,0,0,0,0,1,0,0,0,True,2022-04-29,212490.0,"Pre-war D-45 — fewer than 100 made, holy grail"
vg_guide,MAR-D-45-1940-001,Martin,D-45,1940,,4,1,0,0,0,0,0,0,0,0,0,0,0,0,0,0,True,2022-06-19,174650.0,"Pre-war D-45 — fewer than 100 made, holy grail"
vg_guide,MAR-D-45-1941-002,Martin,D-45,1941,,5,0,0,0,1,0,0,0,0,0,0,0,0,0,0,0,True,2023-08-04,277510.0,"Pre-war D-45 — fewer than 100 made, holy grail"
vg_guide,MAR-D-45-1941-003,Martin,D-45,1941,,4,0,0,1,0,0,0,0,0,0,0,0,0,0,0,0,True,2023-12-20,223230.0,"Pre-war D-45 — fewer than 100 made, holy grail"
vg_guide,MAR-D-45-1974-000,Martin,D-45,1974,,4,0,0,0,0,0,0,1,0,0,0,0,1,0,0,0,True,2023-12-02,15250.0,
vg_guide,MAR-D-45-1973-001,Martin,D-45,1973,,4,0,0,1,1,0,0,0,0,0,0,0,0,0,0,0,True,2022-01-28,10120.0,
vg_guide,MAR-D-45-1979-002,Martin,D-45,1979,,5,0,0,1,0,0,0,0,0,0,0,0,0,0,0,0,True,2024-02-02,10190.0,
vg_guide,MAR-D-45-1971-003,Martin,D-45,1971,,5,0,0,1,0,0,0,0,1,0,0,0,1,0,0,0,True,2024-01-22,15540.0,
vg_guide,MAR-D-45-1975-004,Martin,D-45,1975,,5,0,0,1,0,0,0,0,0,0,0,0,1,0,0,0,True,2024-05-18,14120.0,
vg_guide,MAR-D-45-1972-005,Martin,D-45,1972,,5,0,0,0,0,0,0,0,0,0,0,0,1,0,0,0,True,2022-04-18,12680.0,
vg_guide,MAR-D-45-1973-006,Martin,D-45,1973,,4,0,0,0,1,0,0,0,0,0,0,0,1,0,0,0,True,2023-01-09,8640.0,
vg_guide,MAR-D-45-1978-007,Martin,D-45,1978,,5,0,0,0,0,0,0,0,0,0,0,0,1,0,0,0,True,2022-08-05,12980.0,
vg_guide,MAR-D-45-1975-008,Martin,D-45,1975,,5,0,0,0,0,0,0,0,0,0,0,0,1,0,0,0,True,2022-04-05,14600.0,
vg_guide,MAR-D-45-1970-009,Martin,D-45,1970,,6,0,1,0,1,0,0,1,0,0,0,0,0,0,0,0,True,2021-10-19,7740.0,
vg_guide,MAR-000-28-1938-000,Martin,000-28,1938,,5,0,0,0,1,0,0,0,0,0,0,0,1,0,0,0,True,2022-08-03,30580.0,"Pre-war 000-28, fingerstyle classic"
vg_guide,MAR-000-28-1940-001,Martin,000-28,1940,,6,0,0,1,0,0,0,0,0,0,0,0,0,0,0,0,True,2023-03-01,24640.0,"Pre-war 000-28, fingerstyle classic"
vg_guide,MAR-000-28-1938-002,Martin,000-28,1938,,6,0,0,0,0,0,0,1,0,0,0,0,0,0,0,0,True,2022-12-19,26180.0,"Pre-war 000-28, fingerstyle classic"
vg_guide,MAR-000-28-1938-003,Martin,000-28,1938,,5,0,0,0,0,1,0,0,0,0,0,0,0,0,0,0,True,2024-01-27,29330.0,"Pre-war 000-28, fingerstyle classic"
vg_guide,MAR-000-28-1943-004,Martin,000-28,1943,,5,0,0,0,0,0,0,0,0,0,0,0,0,0,0,0,True,2021-11-01,25750.0,"Pre-war 000-28, fingerstyle classic"
vg_guide,MAR-000-28-1941-005,Martin,000-28,1941,,4,0,0,0,0,0,0,0,0,0,0,0,0,0,0,0,True,2023-09-23,29000.0,"Pre-war 000-28, fingerstyle classic"
vg_guide,MAR-000-28-1944-006,Martin,000-28,1944,,6,0,0,0,0,0,0,0,0,0,0,0,0,1,0,0,True,2023-02-27,34920.0,"Pre-war 000-28, fingerstyle classic"
vg_guide,MAR-000-28-1939-007,Martin,000-28,1939,,5,0,0,1,1,0,0,0,0,0,0,0,0,0,0,0,True,2022-06-19,30780.0,"Pre-war 000-28, fingerstyle classic"
vg_guide,MAR-000-18-1954-000,Martin,000-18,1954,,5,0,0,1,0,0,0,0,0,0,0,0,0,0,0,0,True,2022-09-18,6940.0,
vg_guide,MAR-000-18-1949-001,Martin,000-18,1949,,5,0,0,0,0,0,0,0,1,0,0,0,1,0,0,0,True,2023-08-04,6790.0,
vg_guide,MAR-000-18-1950-002,Martin,000-18,1950,,4,0,1,0,0,0,0,1,0,0,0,0,1,0,0,0,True,2022-02-25,2740.0,
vg_guide,MAR-000-18-1957-003,Martin,000-18,1957,,5,0,0,0,0,0,0,0,0,0,0,0,1,0,0,0,True,2022-04-11,5730.0,
vg_guide,MAR-000-18-1956-004,Martin,000-18,1956,,4,1,0,0,1,0,0,0,0,0,0,0,1,0,0,0,True,2023-11-21,3300.0,
vg_guide,MAR-000-18-1960-005,Martin,000-18,1960,,6,0,0,0,0,0,0,0,0,0,0,0,1,0,0,0,True,2022-03-18,7170.0,
vg_guide,MAR-000-18-1960-006,Martin,000-18,1960,,4,0,0,1,0,0,0,1,0,0,0,0,0,0,0,0,True,2023-05-30,6320.0,
vg_guide,MAR-000-18-1955-007,Martin,000-18,1955,,4,0,0,0,0,0,0,0,1,0,0,0,0,0,0,0,True,2023-06-16,4410.0,
vg_guide,MAR-000-18-1945-008,Martin,000-18,1945,,4,0,0,0,0,0,0,0,0,0,0,0,1,0,0,0,True,2022-06-11,5720.0,
vg_guide,MAR-000-18-1948-009,Martin,000-18,1948,,6,0,0,0,0,0,0,0,0,0,0,0,1,0,0,0,True,2023-09-12,7590.0,
vg_guide,MAR-000-18-1953-010,Martin,000-18,1953,,5,0,0,0,0,1,0,0,0,0,0,0,1,0,0,0,True,2022-11-28,5290.0,
vg_guide,MAR-000-18-1951-011,Martin,000-18,1951,,6,0,0,0,1,1,0,1,0,0,0,0,0,0,0,0,True,2023-01-12,4750.0,
vg_guide,MAR-000-18-1948-012,Martin,000-18,1948,,6,1,0,0,0,1,0,0,0,0,0,0,0,0,0,0,True,2022-04-21,3950.0,
vg_guide,MAR-000-18-1948-013,Martin,000-18,1948,,4,0,0,0,0,0,0,0,0,0,0,0,1,0,0,0,True,2023-11-12,5270.0,
vg_guide,MAR-OM-28-1933-000,Martin,OM-28,1933,,4,0,0,0,0,1,0,0,0,0,0,0,0,0,0,0,True,2021-07-16,64950.0,"Original Orchestra Model OM-28, extremely rare"
vg_guide,MAR-OM-28-1931-001,Martin,OM-28,1931,,5,0,0,0,0,0,0,0,0,0,0,0,0,0,0,0,True,2021-12-16,82700.0,"Original Orchestra Model OM-28, extremely rare"
vg_guide,MAR-OM-28-1932-002,Martin,OM-28,1932,,5,0,0,0,0,0,0,0,1,0,0,0,0,1,0,0,True,2023-11-30,93200.0,"Original Orchestra Model OM-28, extremely rare"
vg_guide,MAR-OM-28-1931-003,Martin,OM-28,1931,,4,1,0,0,0,0,0,0,0,0,0,0,0,0,0,0,True,2023-08-27,46620.0,"Original Orchestra Model OM-28, extremely rare"
vg_guide,GUI-D-40-1975-000,Guild,D-40,1975,,6,0,0,0,0,0,0,0,0,0,0,0,0,1,0,0,True,2021-06-16,2990.0,
vg_guide,GUI-D-40-1972-001,Guild,D-40,1972,,4,0,0,1,0,0,0,1,0,0,0,0,1,0,0,0,True,2022-04-17,3040.0,
vg_guide,GUI-D-40-1970-002,Guild,D-40,1970,,6,0,0,0,0,0,0,0,0,0,0,0,0,0,0,0,True,2023-03-14,2220.0,
vg_guide,GUI-D-40-1975-003,Guild,D-40,1975,,6,1,0,0,0,0,0,0,0,0,0,0,1,0,0,0,True,2024-05-22,2310.0,
vg_guide,GUI-D-40-1971-004,Guild,D-40,1971,,5,0,0,0,0,0,0,1,0,1,0,0,1,0,0,0,True,2023-01-06,1590.0,
vg_guide,GUI-D-40-1969-005,Guild,D-40,1969,,5,0,0,0,0,0,0,0,0,0,0,0,0,0,0,0,True,2022-05-28,2530.0,
vg_guide,GUI-D-40-1966-006,Guild,D-40,1966,,4,1,0,1,0,0,0,0,0,0,0,0,1,0,0,0,True,2023-10-02,1650.0,
vg_guide,GUI-D-40-1975-007,Guild,D-40,1975,,6,0,0,0,0,0,0,1,0,0,0,0,0,0,0,0,True,2024-04-19,2020.0,
vg_guide,GUI-D-40-1965-008,Guild,D-40,1965,,6,0,0,0,0,0,0,0,0,0,0,0,1,0,0,0,True,2023-01-11,2270.0,
vg_guide,GUI-D-40-1967-009,Guild,D-40,1967,,4,1,0,0,0,0,0,0,0,0,0,0,1,0,0,0,True,2021-08-08,1640.0,
vg_guide,GUI-D-40-1974-010,Guild,D-40,1974,,6,0,1,0,0,0,0,0,0,0,0,0,1,0,0,0,True,2024-02-18,1630.0,
vg_guide,GUI-D-40-1975-011,Guild,D-40,1975,,4,0,0,1,1,0,0,0,0,0,0,0,1,1,0,0,True,2023-01-13,2090.0,
vg_guide,GUI-D-40-1965-012,Guild,D-40,1965,,4,0,0,0,1,0,0,1,0,0,0,0,1,0,0,0,True,2022-09-17,1810.0,
vg_guide,GUI-D-40-1975-013,Guild,D-40,1975,,6,1,0,0,0,0,0,1,0,0,0,0,1,0,0,0,True,2022-04-07,2240.0,
vg_guide,GUI-D-50-1975-000,Guild,D-50,1975,,6,1,0,0,0,0,0,0,0,0,0,0,0,0,0,0,True,2022-06-30,2380.0,
vg_guide,GUI-D-50-1968-001,Guild,D-50,1968,,6,1,0,0,0,0,0,0,0,0,0,0,1,0,0,0,True,2022-05-14,2630.0,
vg_guide,GUI-D-50-1971-002,Guild,D-50,1971,,4,0,0,1,0,0,0,0,0,0,0,0,0,0,0,0,True,2024-01-29,3170.0,
vg_guide,GUI-D-50-1971-003,Guild,D-50,1971,,5,0,0,0,0,0,0,1,0,0,0,0,0,0,0,0,True,2023-05-22,3570.0,
vg_guide,GUI-D-50-1974-004,Guild,D-50,1974,,6,0,0,0,0,0,0,1,0,0,0,0,1,1,0,0,True,2023-10-02,2280.0,
vg_guide,GUI-D-50-1968-005,Guild,D-50,1968,,5,1,0,0,0,0,0,1,0,0,0,0,0,0,0,0,True,2021-06-03,1590.0,
vg_guide,GUI-D-50-1975-006,Guild,D-50,1975,,6,0,0,0,1,0,0,0,0,0,0,0,0,0,0,0,True,2024-05-11,3850.0,
vg_guide,GUI-D-50-1969-007,Guild,D-50,1969,,4,1,0,0,0,0,0,0,0,0,0,0,0,0,0,0,True,2022-12-22,1900.0,
vg_guide,GUI-D-50-1973-008,Guild,D-50,1973,,4,0,0,0,0,0,0,1,0,0,0,0,1,0,0,0,True,2022-05-09,3950.0,
vg_guide,GUI-D-50-1972-009,Guild,D-50,1972,,4,0,0,0,0,0,0,0,0,0,0,0,1,0,0,0,True,2022-03-17,3210.0,
vg_guide,GUI-D-50-1967-010,Guild,D-50,1967,,4,0,0,0,1,0,0,1,0,1,0,0,0,0,0,0,True,2022-04-07,2410.0,
vg_guide,GUI-D-50-1975-011,Guild,D-50,1975,,4,0,0,0,0,0,0,0,1,0,0,0,1,0,0,0,True,2022-07-09,2410.0,
vg_guide,GUI-F-50-1964-000,Guild,F-50,1964,,5,0,0,0,0,0,0,0,0,0,0,0,0,0,0,0,True,2024-04-19,5780.0,"Guild jumbo, maple back/sides"
vg_guide,GUI-F-50-1966-001,Guild,F-50,1966,,4,0,0,1,0,0,0,0,0,0,0,0,1,0,0,0,True,2022-04-06,5190.0,"Guild jumbo, maple back/sides"
vg_guide,GUI-F-50-1963-002,Guild,F-50,1963,,5,1,0,0,0,0,0,0,1,0,0,0,1,0,0,0,True,2024-03-05,2750.0,"Guild jumbo, maple back/sides"
vg_guide,GUI-F-50-1970-003,Guild,F-50,1970,,5,0,0,0,0,0,0,0,0,0,0,0,1,0,0,0,True,2022-05-08,5460.0,"Guild jumbo, maple back/sides"
vg_guide,GUI-F-50-1973-004,Guild,F-50,1973,,4,0,0,1,1,0,0,1,0,0,0,0,0,0,0,0,True,2024-01-16,5460.0,"Guild jumbo, maple back/sides"
vg_guide,GUI-F-50-1973-005,Guild,F-50,1973,,5,0,0,0,0,0,0,1,0,0,0,0,1,0,0,0,True,2022-07-20,4050.0,"Guild jumbo, maple back/sides"
vg_guide,GUI-F-50-1965-006,Guild,F-50,1965,,5,0,0,0,0,0,0,0,0,0,0,0,1,0,0,0,True,2023-03-10,4900.0,"Guild jumbo, maple back/sides"
vg_guide,GUI-F-50-1962-007,Guild,F-50,1962,,4,1,0,0,1,0,0,0,0,0,0,0,0,0,0,0,True,2023-08-21,4220.0,"Guild jumbo, maple back/sides"
vg_guide,GUI-F-50-1975-008,Guild,F-50,1975,,6,0,0,1,1,0,0,0,0,0,0,0,1,0,0,0,True,2024-04-09,6150.0,"Guild jumbo, maple back/sides"
vg_guide,GUI-F-50-1962-009,Guild,F-50,1962,,6,0,0,1,1,1,0,1,0,0,0,0,1,0,0,0,True,2022-01-31,3220.0,"Guild jumbo, maple back/sides"
vg_guide,GUI-F-50-1973-010,Guild,F-50,1973,,4,0,0,0,0,0,0,0,0,0,0,0,1,0,0,0,True,2024-03-28,5920.0,"Guild jumbo, maple back/sides"
vg_guide,GUI-F-50-1964-011,Guild,F-50,1964,,4,0,0,0,0,0,0,0,0,0,0,0,0,0,0,0,True,2023-07-16,4690.0,"Guild jumbo, maple back/sides"
vg_guide,GUI-F-512-1974-000,Guild,F-512,1974,,4,0,0,0,0,0,0,0,0,0,0,0,1,0,0,0,True,2021-09-28,4570.0,Twelve-string jumbo
vg_guide,GUI-F-512-1974-001,Guild,F-512,1974,,4,0,0,1,0,0,0,0,0,0,0,0,1,1,0,0,True,2023-07-04,3010.0,Twelve-string jumbo
vg_guide,GUI-F-512-1977-002,Guild,F-512,1977,,4,0,0,1,0,0,0,1,0,0,0,0,0,0,0,0,True,2021-09-15,4460.0,Twelve-string jumbo
vg_guide,GUI-F-512-1972-003,Guild,F-512,1972,,4,0,0,0,0,0,0,0,0,0,0,0,0,0,0,0,True,2022-07-24,4960.0,Twelve-string jumbo
vg_guide,GUI-F-512-1969-004,Guild,F-512,1969,,6,0,0,0,0,0,0,0,0,0,0,0,0,0,0,0,True,2023-11-23,4580.0,Twelve-string jumbo
vg_guide,GUI-F-512-1971-005,Guild,F-512,1971,,6,0,0,0,0,0,0,0,0,0,0,0,1,0,0,0,True,2023-09-07,4370.0,Twelve-string jumbo
vg_guide,GUI-F-512-1974-006,Guild,F-512,1974,,4,0,0,0,1,0,0,1,0,0,0,0,1,0,0,0,True,2024-05-02,4560.0,Twelve-string jumbo
vg_guide,GUI-F-512-1976-007,Guild,F-512,1976,,4,0,0,1,0,0,0,0,0,0,0,0,1,0,0,0,True,2021-11-01,4010.0,Twelve-string jumbo
vg_guide,GUI-F-512-1972-008,Guild,F-512,1972,,5,0,0,1,0,0,0,0,0,0,0,0,1,0,0,0,True,2023-09-11,4360.0,Twelve-string jumbo
vg_guide,GUI-F-512-1977-009,Guild,F-512,1977,,5,0,0,0,0,0,0,0,0,0,0,0,1,0,0,0,True,2023-01-17,3730.0,Twelve-string jumbo
vg_guide,GRE-Rancher-1957-000,Gretsch,Rancher,1957,,4,1,0,0,0,0,0,1,1,0,0,0,1,0,0,0,True,2021-10-23,3190.0,"Gretsch Rancher jumbo, orange finish, triangle soundhole"
vg_guide,GRE-Rancher-1956-001,Gretsch,Rancher,1956,,5,0,0,0,0,0,0,0,0,0,0,0,1,0,0,0,True,2024-03-15,6770.0,"Gretsch Rancher jumbo, orange finish, triangle soundhole"
vg_guide,GRE-Rancher-1957-002,Gretsch,Rancher,1957,,6,0,0,1,0,0,0,0,0,0,0,0,0,0,0,0,True,2023-03-26,4350.0,"Gretsch Rancher jumbo, orange finish, triangle soundhole"
vg_guide,GRE-Rancher-1965-003,Gretsch,Rancher,1965,,5,0,0,0,0,0,0,1,0,0,0,0,1,1,0,0,True,2022-12-18,4720.0,"Gretsch Rancher jumbo, orange finish, triangle soundhole"
vg_guide,GRE-Rancher-1961-004,Gretsch,Rancher,1961,,5,0,0,0,0,0,0,0,0,0,0,0,1,0,0,0,True,2022-03-28,7570.0,"Gretsch Rancher jumbo, orange finish, triangle soundhole"
vg_guide,GRE-Rancher-1964-005,Gretsch,Rancher,1964,,4,0,0,0,0,0,0,0,0,0,0,0,0,0,0,0,True,2023-07-29,3810.0,"Gretsch Rancher jumbo, orange finish, triangle soundhole"
vg_guide,GRE-Rancher-1962-006,Gretsch,Rancher,1962,,5,0,0,1,0,0,0,1,0,0,0,0,1,0,0,0,True,2023-11-15,4070.0,"Gretsch Rancher jumbo, orange finish, triangle soundhole"
vg_guide,GRE-Rancher-1958-007,Gretsch,Rancher,1958,,5,0,0,0,0,0,0,1,0,0,0,0,0,0,0,0,True,2022-05-18,6290.0,"Gretsch Rancher jumbo, orange finish, triangle soundhole"
vg_guide,GRE-Rancher-1963-008,Gretsch,Rancher,1963,,4,0,0,0,0,0,0,0,0,0,0,0,1,0,0,0,True,2023-06-07,6490.0,"Gretsch Rancher jumbo, orange finish, triangle soundhole"
vg_guide,GRE-Rancher-1963-009,Gretsch,Rancher,1963,,6,0,0,0,0,0,0,0,0,0,0,0,1,0,0,0,True,2023-11-11,4280.0,"Gretsch Rancher jumbo, orange finish, triangle soundhole"
vg_guide,GRE-Rancher-1956-010,Gretsch,Rancher,1956,,4,0,0,0,0,0,0,0,1,0,0,0,1,0,0,0,True,2024-03-27,5970.0,"Gretsch Rancher jumbo, orange finish, triangle soundhole"
vg_guide,GRE-Rancher-1958-011,Gretsch,Rancher,1958,,4,0,0,0,0,0,0,1,0,0,0,0,1,0,0,0,True,2022-03-14,6810.0,"Gretsch Rancher jumbo, orange finish, triangle soundhole"
